Article,What does it conceptualize?,Usual modeling characteristics,Is it a statistically validated measure?,Scale Name,Parent Scale,Sub Scale,Scale / Item,Text of the item,"Is it reverse coded 
or transformed?",Does this item potentially contain identifying information?,Type of scale,Scoring,Type of data,Time Stem,Top-level question,Anchors/answers or mapping/representation (numeric),Anchors/answers or mapping/representation (nominal),Delivery mechanism,How frequently is it delivered?,Citation,Notes,
Positive and Negative Affect Schedule,"""[The PANAS] was developed to be a brief easily administered measure of positive and negative affect""",NA,1,Positive and Negative Affect Schedule,NA,"Positive Affect Schedule, Negative Affect Schedule",Scale,,,,,,,,,,,paper,NA,"Watson, D., Clark, L. A., & Tellegen, A. (1988). Positive and Negative Affect Schedule (PANAS) [Database record]. APA PsycTests. https://doi.org/10.1037/t03592-000",,
,,,,Positive Affect Schedule,Positive and Negative Affect Schedule,NA,,,,,,,,,,,,,,,,
,,,,Negative Affect Schedule,Positive and Negative Affect Schedule,NA,,,,,,,,,,,,,,,,
Positive and Negative Affect Schedule,,,,NA,Positive Affect Schedule,NA,Item,Indicate the extent you have felt this way over the past week: Interested.,NA,0,multiple choice,sum scores,Ordinal,Over the past week,Indicate to what extent you,1-5.,"very slightly or not at all, a little, moderately, quite a bit, extremely",,,,,
Positive and Negative Affect Schedule,,,,NA,,,Item,Indicate the extent you have felt this way over the past week: Distressed.,NA,0,multiple choice,sum scores,Ordinal,NA,Indicate to what extent you,1-5.,"very slightly or not at all, a little, moderately, quite a bit, extremely",,,,,
Positive and Negative Affect Schedule,,,,NA,,,Item,Indicate the extent you have felt this way over the past week: Excited.,NA,0,multiple choice,sum scores,Ordinal,NA,Indicate to what extent you,1-5.,"very slightly or not at all, a little, moderately, quite a bit, extremely",,,,,
Positive and Negative Affect Schedule,,,,NA,,,Item,Indicate the extent you have felt this way over the past week: Upset.,NA,0,multiple choice,sum scores,Ordinal,NA,Indicate to what extent you,1-5.,"very slightly or not at all, a little, moderately, quite a bit, extremely",,,,,
Positive and Negative Affect Schedule,,,,NA,,,Item,Indicate the extent you have felt this way over the past week: Strong.,NA,0,multiple choice,sum scores,Ordinal,NA,Indicate to what extent you,1-5.,"very slightly or not at all, a little, moderately, quite a bit, extremely",,,,,
Positive and Negative Affect Schedule,,,,NA,,,Item,Indicate the extent you have felt this way over the past week: Guilty.,NA,0,multiple choice,sum scores,Ordinal,NA,Indicate to what extent you,1-5.,"very slightly or not at all, a little, moderately, quite a bit, extremely",,,,,
Positive and Negative Affect Schedule,,,,NA,,,Item,Indicate the extent you have felt this way over the past week: Scared.,NA,0,multiple choice,sum scores,Ordinal,NA,Indicate to what extent you,1-5.,"very slightly or not at all, a little, moderately, quite a bit, extremely",,,,,
Positive and Negative Affect Schedule,,,,NA,,,Item,Indicate the extent you have felt this way over the past week: Hostile.,NA,0,multiple choice,sum scores,Ordinal,NA,Indicate to what extent you,1-5.,"very slightly or not at all, a little, moderately, quite a bit, extremely",,,,,
Positive and Negative Affect Schedule,,,,NA,,,Item,Indicate the extent you have felt this way over the past week: Enthustiastic.,NA,0,multiple choice,sum scores,Ordinal,NA,Indicate to what extent you,1-5.,"very slightly or not at all, a little, moderately, quite a bit, extremely",,,,,
Positive and Negative Affect Schedule,,,,NA,,,Item,Indicate the extent you have felt this way over the past week: Proud.,NA,0,multiple choice,sum scores,Ordinal,NA,Indicate to what extent you,1-5.,"very slightly or not at all, a little, moderately, quite a bit, extremely",,,,,
Positive and Negative Affect Schedule,,,,NA,,,Item,Indicate the extent you have felt this way over the past week: Irritable.,NA,0,multiple choice,sum scores,Ordinal,NA,Indicate to what extent you,1-5.,"very slightly or not at all, a little, moderately, quite a bit, extremely",,,,,
Positive and Negative Affect Schedule,,,,NA,,,Item,Indicate the extent you have felt this way over the past week: Alert.,NA,0,multiple choice,sum scores,Ordinal,NA,Indicate to what extent you,1-5.,"very slightly or not at all, a little, moderately, quite a bit, extremely",,,,,
Positive and Negative Affect Schedule,,,,NA,,,Item,Indicate the extent you have felt this way over the past week: Ashamed.,NA,0,multiple choice,sum scores,Ordinal,NA,Indicate to what extent you,1-5.,"very slightly or not at all, a little, moderately, quite a bit, extremely",,,,,
Positive and Negative Affect Schedule,,,,NA,,,Item,Indicate the extent you have felt this way over the past week: Inspired.,NA,0,multiple choice,sum scores,Ordinal,NA,Indicate to what extent you,1-5.,"very slightly or not at all, a little, moderately, quite a bit, extremely",,,,,
Positive and Negative Affect Schedule,,,,NA,,,Item,Indicate the extent you have felt this way over the past week: Nervous.,NA,0,multiple choice,sum scores,Ordinal,NA,Indicate to what extent you,1-5.,"very slightly or not at all, a little, moderately, quite a bit, extremely",,,,,
Positive and Negative Affect Schedule,,,,NA,,,Item,Indicate the extent you have felt this way over the past week: Determined.,NA,0,multiple choice,sum scores,Ordinal,NA,Indicate to what extent you,1-5.,"very slightly or not at all, a little, moderately, quite a bit, extremely",,,,,
Positive and Negative Affect Schedule,,,,NA,,,Item,Indicate the extent you have felt this way over the past week: Attentive.,NA,0,multiple choice,sum scores,Ordinal,NA,Indicate to what extent you,1-5.,"very slightly or not at all, a little, moderately, quite a bit, extremely",,,,,
Positive and Negative Affect Schedule,,,,NA,,,Item,Indicate the extent you have felt this way over the past week: Jittery.,NA,0,multiple choice,sum scores,Ordinal,NA,Indicate to what extent you,1-5.,"very slightly or not at all, a little, moderately, quite a bit, extremely",,,,,
Positive and Negative Affect Schedule,,,,NA,,,Item,Indicate the extent you have felt this way over the past week: Active.,NA,0,multiple choice,sum scores,Ordinal,NA,Indicate to what extent you,1-5.,"very slightly or not at all, a little, moderately, quite a bit, extremely",,,,,
Positive and Negative Affect Schedule,,,,NA,,,Item,Indicate the extent you have felt this way over the past week: Afraid.,NA,0,multiple choice,sum scores,Ordinal,NA,Indicate to what extent you,1-5.,"very slightly or not at all, a little, moderately, quite a bit, extremely",,,,,
,,,,,,,,,,,,,,,,,,,,,,
one sheet column for DOI and citation,,,,,,,,,"0 not reverse coded, 1 reverse codec,NA unsure",Leave cells empty if info not relevant ,,,,,,,,,,,,
 Further Examining the American Dream: Differential Correlates of Intrinsic and Extrinsic Goals. ,"[Aspiration Index] represents "" (a) the importance of the aspiration and (b) the likelihood it will happen in the future"" with the aspirations being growth, relatedness, helpfulness, health, money, fame, image. The measures of""intrinsic and extrinsic applications and guiding principles are explored in relation to indexes of"" all of the other listed measures.",NA,1,Aspiration index,NA,"intrinsic aspiration, extrinsic aspiration",Scale,,,,,,,,,,,paper,only once,"Kasser, T., & Ryan, R. M. (1996). Further Examining the American Dream: Differential Correlates of Intrinsic and Extrinsic Goals. Personality and Social Psychology Bulletin, 22(3), 280-287. https://doi.org/10.1177/0146167296223006",,
,,,,Intrinsic aspiration,Aspiration Index,NA,,,,,,,,,,,,,,,,
,,,,Extrinsic aspiration,Aspiration Index,NA,,,,,,,,,,,,,,,,
 Further Examining the American Dream: Differential Correlates of Intrinsic and Extrinsic Goals. ,,,,NA,,,Item,Life-goal: To be a very wealthy person. How important is this to you?,0,0,multiple choice,factor analysis,ordinal,NA,Life goal: ___,"1-7 (1= not at all, 4 = moderately, 7= very)",NA,,,,,
 Further Examining the American Dream: Differential Correlates of Intrinsic and Extrinsic Goals. ,,,,NA,,,Item,Life-goal: To be a very wealthy person. How likely is it that this will happen in your future?,0,0,multiple choice,factor analysis,ordinal,NA,Life goal: ___,"1-7 (1= not at all, 4 = moderately, 7= very)",NA,,,,,
 Further Examining the American Dream: Differential Correlates of Intrinsic and Extrinsic Goals. ,,,,NA,,,Item,Life-goal: To be a very wealthy person. How much have you already attained this goal?,0,0,multiple choice,factor analysis,ordinal,NA,Life goal: ___,"1-7 (1= not at all, 4 = moderately, 7= very)",NA,,,,,
 Further Examining the American Dream: Differential Correlates of Intrinsic and Extrinsic Goals. ,,,,NA,,,Item,Life-goal: To grow and learn new things.  How important is this to you?,0,0,multiple choice,factor analysis,ordinal,NA,Life goal: ___,"1-7 (1= not at all, 4 = moderately, 7= very)",NA,,,,,
 Further Examining the American Dream: Differential Correlates of Intrinsic and Extrinsic Goals. ,,,,NA,,,Item,Life-goal: To grow and learn new things. How likely is it that this will happen in your future?,0,0,multiple choice,factor analysis,ordinal,NA,Life goal: ___,"1-7 (1= not at all, 4 = moderately, 7= very)",NA,,,,,
 Further Examining the American Dream: Differential Correlates of Intrinsic and Extrinsic Goals. ,,,,NA,,,Item,Life-goal: To grow and learn new things. How much have you already attained this goal?,0,0,multiple choice,factor analysis,ordinal,NA,Life goal: ___,"1-7 (1= not at all, 4 = moderately, 7= very)",NA,,,,,
 Further Examining the American Dream: Differential Correlates of Intrinsic and Extrinsic Goals. ,,,,NA,,,Item,Life-goal: To have my name known by many people.  How important is this to you?,0,0,multiple choice,factor analysis,ordinal,NA,Life goal: ___,"1-7 (1= not at all, 4 = moderately, 7= very)",NA,,,,,
 Further Examining the American Dream: Differential Correlates of Intrinsic and Extrinsic Goals. ,,,,NA,,,Item,Life-goal: To have my name known by many people. How likely is it that this will happen in your future?,0,0,multiple choice,factor analysis,ordinal,NA,Life goal: ___,"1-7 (1= not at all, 4 = moderately, 7= very)",NA,,,,,
 Further Examining the American Dream: Differential Correlates of Intrinsic and Extrinsic Goals. ,,,,NA,,,Item,Life-goal: To have my name known by many people. How much have you already attained this goal?,0,0,multiple choice,factor analysis,ordinal,NA,Life goal: ___,"1-7 (1= not at all, 4 = moderately, 7= very)",NA,,,,,
 Further Examining the American Dream: Differential Correlates of Intrinsic and Extrinsic Goals. ,,,,NA,,,Item,Life-goal: To have good friends that I can count on.  How important is this to you?,0,0,multiple choice,factor analysis,ordinal,NA,Life goal: ___,"1-7 (1= not at all, 4 = moderately, 7= very)",NA,,,,,
 Further Examining the American Dream: Differential Correlates of Intrinsic and Extrinsic Goals. ,,,,NA,,,Item,Life-goal: To have good friends that I can count on. How likely is it that this will happen in your future?,0,0,multiple choice,factor analysis,ordinal,NA,Life goal: ___,"1-7 (1= not at all, 4 = moderately, 7= very)",NA,,,,,
 Further Examining the American Dream: Differential Correlates of Intrinsic and Extrinsic Goals. ,,,,NA,,,Item,Life-goal: To have good friends that I can count on. How much have you already attained this goal?,0,0,multiple choice,factor analysis,ordinal,NA,Life goal: ___,"1-7 (1= not at all, 4 = moderately, 7= very)",NA,,,,,
 Further Examining the American Dream: Differential Correlates of Intrinsic and Extrinsic Goals. ,,,,NA,,,Item,Life-goal: To successfully hide the signs of aging.  How important is this to you?,0,0,multiple choice,factor analysis,ordinal,NA,Life goal: ___,"1-7 (1= not at all, 4 = moderately, 7= very)",NA,,,,,
 Further Examining the American Dream: Differential Correlates of Intrinsic and Extrinsic Goals. ,,,,NA,,,Item,Life-goal: To successfully hide the signs of aging. How likely is it that this will happen in your future?,0,0,multiple choice,factor analysis,ordinal,NA,Life goal: ___,"1-7 (1= not at all, 4 = moderately, 7= very)",NA,,,,,
 Further Examining the American Dream: Differential Correlates of Intrinsic and Extrinsic Goals. ,,,,NA,,,Item,Life-goal: To successfully hide the signs of aging. How much have you already attained this goal?,0,0,multiple choice,factor analysis,ordinal,NA,Life goal: ___,"1-7 (1= not at all, 4 = moderately, 7= very)",NA,,,,,
 Further Examining the American Dream: Differential Correlates of Intrinsic and Extrinsic Goals. ,,,,NA,,,Item,Life-goal: To work for the betterment of society.  How important is this to you?,0,0,multiple choice,factor analysis,ordinal,NA,Life goal: ___,"1-7 (1= not at all, 4 = moderately, 7= very)",NA,,,,,
 Further Examining the American Dream: Differential Correlates of Intrinsic and Extrinsic Goals. ,,,,NA,,,Item,Life-goal: To work for the betterment of society. How likely is it that this will happen in your future?,0,0,multiple choice,factor analysis,ordinal,NA,Life goal: ___,"1-7 (1= not at all, 4 = moderately, 7= very)",NA,,,,,
 Further Examining the American Dream: Differential Correlates of Intrinsic and Extrinsic Goals. ,,,,NA,,,Item,Life-goal: To work for the betterment of society. How much have you already attained this goal?,0,0,multiple choice,factor analysis,ordinal,NA,Life goal: ___,"1-7 (1= not at all, 4 = moderately, 7= very)",NA,,,,,
 Further Examining the American Dream: Differential Correlates of Intrinsic and Extrinsic Goals. ,,,,NA,,,Item,Life-goal: To be physically healthy.  How important is this to you?,0,0,multiple choice,factor analysis,ordinal,NA,Life goal: ___,"1-7 (1= not at all, 4 = moderately, 7= very)",NA,,,,,
 Further Examining the American Dream: Differential Correlates of Intrinsic and Extrinsic Goals. ,,,,NA,,,Item,Life-goal: To be physically healthy. How likely is it that this will happen in your future?,0,0,multiple choice,factor analysis,ordinal,NA,Life goal: ___,"1-7 (1= not at all, 4 = moderately, 7= very)",NA,,,,,
 Further Examining the American Dream: Differential Correlates of Intrinsic and Extrinsic Goals. ,,,,NA,,,Item,Life-goal: To be physically healthy. How much have you already attained this goal?,0,0,multiple choice,factor analysis,ordinal,NA,Life goal: ___,"1-7 (1= not at all, 4 = moderately, 7= very)",NA,,,,,
 Further Examining the American Dream: Differential Correlates of Intrinsic and Extrinsic Goals. ,,,,NA,,,Item,Life-goal: To have many expensive possessions.  How important is this to you?,0,0,multiple choice,factor analysis,ordinal,NA,Life goal: ___,"1-7 (1= not at all, 4 = moderately, 7= very)",NA,,,,,
 Further Examining the American Dream: Differential Correlates of Intrinsic and Extrinsic Goals. ,,,,NA,,,Item,Life-goal: To have many expensive possessions. How likely is it that this will happen in your future?,0,0,multiple choice,factor analysis,ordinal,NA,Life goal: ___,"1-7 (1= not at all, 4 = moderately, 7= very)",NA,,,,,
 Further Examining the American Dream: Differential Correlates of Intrinsic and Extrinsic Goals. ,,,,NA,,,Item,Life-goal: To have many expensive possessions. How much have you already attained this goal?,0,0,multiple choice,factor analysis,ordinal,NA,Life goal: ___,"1-7 (1= not at all, 4 = moderately, 7= very)",NA,,,,,
 Further Examining the American Dream: Differential Correlates of Intrinsic and Extrinsic Goals. ,,,,NA,,,Item,"Life-goal: At the end of my life, to be able to look back on my life as meaningful and complete.  How important is this to you?",0,0,multiple choice,factor analysis,ordinal,NA,Life goal: ___,"1-7 (1= not at all, 4 = moderately, 7= very)",NA,,,,,
 Further Examining the American Dream: Differential Correlates of Intrinsic and Extrinsic Goals. ,,,,NA,,,Item,"Life-goal:  At the end of my life, to be able to look back on my life as meaningful and complete. How likely is it that this will happen in your future?",0,0,multiple choice,factor analysis,ordinal,NA,Life goal: ___,"1-7 (1= not at all, 4 = moderately, 7= very)",NA,,,,,
 Further Examining the American Dream: Differential Correlates of Intrinsic and Extrinsic Goals. ,,,,NA,,,Item,"Life-goal: At the end of my life, to be able to look back on my life as meaningful and complete. How much have you already attained this goal?",0,0,multiple choice,factor analysis,ordinal,NA,Life goal: ___,"1-7 (1= not at all, 4 = moderately, 7= very)",NA,,,,,
 Further Examining the American Dream: Differential Correlates of Intrinsic and Extrinsic Goals. ,,,,NA,,,Item,Life-goal: To be admired by many people.  How important is this to you?,0,0,multiple choice,factor analysis,ordinal,NA,Life goal: ___,"1-7 (1= not at all, 4 = moderately, 7= very)",NA,,,,,
 Further Examining the American Dream: Differential Correlates of Intrinsic and Extrinsic Goals. ,,,,NA,,,Item,Life-goal: To be admired by many people. How likely is it that this will happen in your future?,0,0,multiple choice,factor analysis,ordinal,NA,Life goal: ___,"1-7 (1= not at all, 4 = moderately, 7= very)",NA,,,,,
 Further Examining the American Dream: Differential Correlates of Intrinsic and Extrinsic Goals. ,,,,NA,,,Item,Life-goal: To be admired by many people. How much have you already attained this goal?,0,0,multiple choice,factor analysis,ordinal,NA,Life goal: ___,"1-7 (1= not at all, 4 = moderately, 7= very)",NA,,,,,
 Further Examining the American Dream: Differential Correlates of Intrinsic and Extrinsic Goals. ,,,,NA,,,Item,Life-goal: To share my life with someone I love.  How important is this to you?,0,0,multiple choice,factor analysis,ordinal,NA,Life goal: ___,"1-7 (1= not at all, 4 = moderately, 7= very)",NA,,,,,
 Further Examining the American Dream: Differential Correlates of Intrinsic and Extrinsic Goals. ,,,,NA,,,Item,Life-goal:  To share my life with someone I love. How likely is it that this will happen in your future?,0,0,multiple choice,factor analysis,ordinal,NA,Life goal: ___,"1-7 (1= not at all, 4 = moderately, 7= very)",NA,,,,,
 Further Examining the American Dream: Differential Correlates of Intrinsic and Extrinsic Goals. ,,,,NA,,,Item,Life-goal: To share my life with someone I love. How much have you already attained this goal?,0,0,multiple choice,factor analysis,ordinal,NA,Life goal: ___,"1-7 (1= not at all, 4 = moderately, 7= very)",NA,,,,,
 Further Examining the American Dream: Differential Correlates of Intrinsic and Extrinsic Goals. ,,,,NA,,,Item,Life-goal: To have people comment often about how attractive I look.  How important is this to you?,0,0,multiple choice,factor analysis,ordinal,NA,Life goal: ___,"1-7 (1= not at all, 4 = moderately, 7= very)",NA,,,,,
 Further Examining the American Dream: Differential Correlates of Intrinsic and Extrinsic Goals. ,,,,NA,,,Item,Life-goal:  To have people comment often about how attractive I look. How likely is it that this will happen in your future?,0,0,multiple choice,factor analysis,ordinal,NA,Life goal: ___,"1-7 (1= not at all, 4 = moderately, 7= very)",NA,,,,,
 Further Examining the American Dream: Differential Correlates of Intrinsic and Extrinsic Goals. ,,,,NA,,,Item,Life-goal:  To have people comment often about how attractive I look. How much have you already attained this goal?,0,0,multiple choice,factor analysis,ordinal,NA,Life goal: ___,"1-7 (1= not at all, 4 = moderately, 7= very)",NA,,,,,
 Further Examining the American Dream: Differential Correlates of Intrinsic and Extrinsic Goals. ,,,,NA,,,Item,"Life-goal: To assist people who need it, asking nothing in return.  How important is this to you?",0,0,multiple choice,factor analysis,ordinal,NA,Life goal: ___,"1-7 (1= not at all, 4 = moderately, 7= very)",NA,,,,,
 Further Examining the American Dream: Differential Correlates of Intrinsic and Extrinsic Goals. ,,,,NA,,,Item,"Life-goal: To assist people who need it, asking nothing in return. How likely is it that this will happen in your future?",0,0,multiple choice,factor analysis,ordinal,NA,Life goal: ___,"1-7 (1= not at all, 4 = moderately, 7= very)",NA,,,,,
 Further Examining the American Dream: Differential Correlates of Intrinsic and Extrinsic Goals. ,,,,NA,,,Item,"Life-goal: To assist people who need it, asking nothing in return. How much have you already attained this goal?",0,0,multiple choice,factor analysis,ordinal,NA,Life goal: ___,"1-7 (1= not at all, 4 = moderately, 7= very)",NA,,,,,
 Further Examining the American Dream: Differential Correlates of Intrinsic and Extrinsic Goals. ,,,,NA,,,Item,Life-goal: To feel good about my level of physical fitness.  How important is this to you?,0,0,multiple choice,factor analysis,ordinal,NA,Life goal: ___,"1-7 (1= not at all, 4 = moderately, 7= very)",NA,,,,,
 Further Examining the American Dream: Differential Correlates of Intrinsic and Extrinsic Goals. ,,,,NA,,,Item,Life-goal: To feel good about my level of physical fitness. How likely is it that this will happen in your future?,0,0,multiple choice,factor analysis,ordinal,NA,Life goal: ___,"1-7 (1= not at all, 4 = moderately, 7= very)",NA,,,,,
 Further Examining the American Dream: Differential Correlates of Intrinsic and Extrinsic Goals. ,,,,NA,,,Item,Life-goal: To feel good about my level of physical fitness. How much have you already attained this goal?,0,0,multiple choice,factor analysis,ordinal,NA,Life goal: ___,"1-7 (1= not at all, 4 = moderately, 7= very)",NA,,,,,
 Further Examining the American Dream: Differential Correlates of Intrinsic and Extrinsic Goals. ,,,,NA,,,Item,Life-goal: To be financially successful. How important is this to you?,0,0,multiple choice,factor analysis,ordinal,NA,Life goal: ___,"1-7 (1= not at all, 4 = moderately, 7= very)",NA,,,,,
 Further Examining the American Dream: Differential Correlates of Intrinsic and Extrinsic Goals. ,,,,NA,,,Item,Life-goal: To be financially successful. How likely is it that this will happen in your future?,0,0,multiple choice,factor analysis,ordinal,NA,Life goal: ___,"1-7 (1= not at all, 4 = moderately, 7= very)",NA,,,,,
 Further Examining the American Dream: Differential Correlates of Intrinsic and Extrinsic Goals. ,,,,NA,,,Item,Life-goal: To be financially successful. How much have you already attained this goal?,0,0,multiple choice,factor analysis,ordinal,NA,Life goal: ___,"1-7 (1= not at all, 4 = moderately, 7= very)",NA,,,,,
 Further Examining the American Dream: Differential Correlates of Intrinsic and Extrinsic Goals. ,,,,NA,,,Item,"Life-goal: To choose what I do, instead of being pushed along by life.  How important is this to you?",0,0,multiple choice,factor analysis,ordinal,NA,Life goal: ___,"1-7 (1= not at all, 4 = moderately, 7= very)",NA,,,,,
 Further Examining the American Dream: Differential Correlates of Intrinsic and Extrinsic Goals. ,,,,NA,,,Item,"Life-goal: To choose what I do, instead of being pushed along by life. How likely is it that this will happen in your future?",0,0,multiple choice,factor analysis,ordinal,NA,Life goal: ___,"1-7 (1= not at all, 4 = moderately, 7= very)",NA,,,,,
 Further Examining the American Dream: Differential Correlates of Intrinsic and Extrinsic Goals. ,,,,NA,,,Item,"Life-goal: To choose what I do, instead of being pushed along by life. How much have you already attained this goal?",0,0,multiple choice,factor analysis,ordinal,NA,Life goal: ___,"1-7 (1= not at all, 4 = moderately, 7= very)",NA,,,,,
 Further Examining the American Dream: Differential Correlates of Intrinsic and Extrinsic Goals. ,,,,NA,,,Item,Life-goal: To be famous.  How important is this to you?,0,0,multiple choice,factor analysis,ordinal,NA,Life goal: ___,"1-7 (1= not at all, 4 = moderately, 7= very)",NA,,,,,
 Further Examining the American Dream: Differential Correlates of Intrinsic and Extrinsic Goals. ,,,,NA,,,Item,Life-goal: To be famous. How likely is it that this will happen in your future?,0,0,multiple choice,factor analysis,ordinal,NA,Life goal: ___,"1-7 (1= not at all, 4 = moderately, 7= very)",NA,,,,,
 Further Examining the American Dream: Differential Correlates of Intrinsic and Extrinsic Goals. ,,,,NA,,,Item,Life-goal: To be famous. How much have you already attained this goal?,0,0,multiple choice,factor analysis,ordinal,NA,Life goal: ___,"1-7 (1= not at all, 4 = moderately, 7= very)",NA,,,,,
 Further Examining the American Dream: Differential Correlates of Intrinsic and Extrinsic Goals. ,,,,NA,,,Item,"Life-goal: To have committed, intimate relationships.  How important is this to you?",0,0,multiple choice,factor analysis,ordinal,NA,Life goal: ___,"1-7 (1= not at all, 4 = moderately, 7= very)",NA,,,,,
 Further Examining the American Dream: Differential Correlates of Intrinsic and Extrinsic Goals. ,,,,NA,,,Item,"Life-goal:  To have committed, intimate relationships. How likely is it that this will happen in your future?",0,0,multiple choice,factor analysis,ordinal,NA,Life goal: ___,"1-7 (1= not at all, 4 = moderately, 7= very)",NA,,,,,
 Further Examining the American Dream: Differential Correlates of Intrinsic and Extrinsic Goals. ,,,,NA,,,Item,"Life-goal:  To have committed, intimate relationships. How much have you already attained this goal?",0,0,multiple choice,factor analysis,ordinal,NA,Life goal: ___,"1-7 (1= not at all, 4 = moderately, 7= very)",NA,,,,,
 Further Examining the American Dream: Differential Correlates of Intrinsic and Extrinsic Goals. ,,,,NA,,,Item,Life-goal: To keep up with fashions in hair and clothing.  How important is this to you?,0,0,multiple choice,factor analysis,ordinal,NA,Life goal: ___,"1-7 (1= not at all, 4 = moderately, 7= very)",NA,,,,,
 Further Examining the American Dream: Differential Correlates of Intrinsic and Extrinsic Goals. ,,,,NA,,,Item,Life-goal: To keep up with fashions in hair and clothing. How likely is it that this will happen in your future?,0,0,multiple choice,factor analysis,ordinal,NA,Life goal: ___,"1-7 (1= not at all, 4 = moderately, 7= very)",NA,,,,,
 Further Examining the American Dream: Differential Correlates of Intrinsic and Extrinsic Goals. ,,,,NA,,,Item,Life-goal: To keep up with fashions in hair and clothing. How much have you already attained this goal?,0,0,multiple choice,factor analysis,ordinal,NA,Life goal: ___,"1-7 (1= not at all, 4 = moderately, 7= very)",NA,,,,,
 Further Examining the American Dream: Differential Correlates of Intrinsic and Extrinsic Goals. ,,,,NA,,,Item,Life-goal: To work to make the world a better place.  How important is this to you?,0,0,multiple choice,factor analysis,ordinal,NA,Life goal: ___,"1-7 (1= not at all, 4 = moderately, 7= very)",NA,,,,,
 Further Examining the American Dream: Differential Correlates of Intrinsic and Extrinsic Goals. ,,,,NA,,,Item,Life-goal: To work to make the world a better place. How likely is it that this will happen in your future?,0,0,multiple choice,factor analysis,ordinal,NA,Life goal: ___,"1-7 (1= not at all, 4 = moderately, 7= very)",NA,,,,,
 Further Examining the American Dream: Differential Correlates of Intrinsic and Extrinsic Goals. ,,,,NA,,,Item,Life-goal: To work to make the world a better place. How much have you already attained this goal?,0,0,multiple choice,factor analysis,ordinal,NA,Life goal: ___,"1-7 (1= not at all, 4 = moderately, 7= very)",NA,,,,,
 Further Examining the American Dream: Differential Correlates of Intrinsic and Extrinsic Goals. ,,,,NA,,,Item,Life-goal: To keep myself healthy and well.  How important is this to you?,0,0,multiple choice,factor analysis,ordinal,NA,Life goal: ___,"1-7 (1= not at all, 4 = moderately, 7= very)",NA,,,,,
 Further Examining the American Dream: Differential Correlates of Intrinsic and Extrinsic Goals. ,,,,NA,,,Item,Life-goal: To keep myself healthy and well. How likely is it that this will happen in your future?,0,0,multiple choice,factor analysis,ordinal,NA,Life goal: ___,"1-7 (1= not at all, 4 = moderately, 7= very)",NA,,,,,
 Further Examining the American Dream: Differential Correlates of Intrinsic and Extrinsic Goals. ,,,,NA,,,Item,Life-goal: To keep myself healthy and well. How much have you already attained this goal?,0,0,multiple choice,factor analysis,ordinal,NA,Life goal: ___,"1-7 (1= not at all, 4 = moderately, 7= very)",NA,,,,,
 Further Examining the American Dream: Differential Correlates of Intrinsic and Extrinsic Goals. ,,,,NA,,,Item,Life-goal: To be rich.  How important is this to you?,0,0,multiple choice,factor analysis,ordinal,NA,Life goal: ___,"1-7 (1= not at all, 4 = moderately, 7= very)",NA,,,,,
 Further Examining the American Dream: Differential Correlates of Intrinsic and Extrinsic Goals. ,,,,NA,,,Item,Life-goal: To be rich. How likely is it that this will happen in your future?,0,0,multiple choice,factor analysis,ordinal,NA,Life goal: ___,"1-7 (1= not at all, 4 = moderately, 7= very)",NA,,,,,
 Further Examining the American Dream: Differential Correlates of Intrinsic and Extrinsic Goals. ,,,,NA,,,Item,Life-goal: To be rich. How much have you already attained this goal?,0,0,multiple choice,factor analysis,ordinal,NA,Life goal: ___,"1-7 (1= not at all, 4 = moderately, 7= very)",NA,,,,,
 Further Examining the American Dream: Differential Correlates of Intrinsic and Extrinsic Goals. ,,,,NA,,,Item,Life-goal: To know and accept who I really am.  How important is this to you?,0,0,multiple choice,factor analysis,ordinal,NA,Life goal: ___,"1-7 (1= not at all, 4 = moderately, 7= very)",NA,,,,,
 Further Examining the American Dream: Differential Correlates of Intrinsic and Extrinsic Goals. ,,,,NA,,,Item,Life-goal: To know and accept who I really am. How likely is it that this will happen in your future?,0,0,multiple choice,factor analysis,ordinal,NA,Life goal: ___,"1-7 (1= not at all, 4 = moderately, 7= very)",NA,,,,,
 Further Examining the American Dream: Differential Correlates of Intrinsic and Extrinsic Goals. ,,,,NA,,,Item,Life-goal: To know and accept who I really am. How much have you already attained this goal?,0,0,multiple choice,factor analysis,ordinal,NA,Life goal: ___,"1-7 (1= not at all, 4 = moderately, 7= very)",NA,,,,,
 Further Examining the American Dream: Differential Correlates of Intrinsic and Extrinsic Goals. ,,,,NA,,,Item,Life-goal: To have my name appear frequently in the media.  How important is this to you?,0,0,multiple choice,factor analysis,ordinal,NA,Life goal: ___,"1-7 (1= not at all, 4 = moderately, 7= very)",NA,,,,,
 Further Examining the American Dream: Differential Correlates of Intrinsic and Extrinsic Goals. ,,,,NA,,,Item,Life-goal: To have my name appear frequently in the media. How likely is it that this will happen in your future?,0,0,multiple choice,factor analysis,ordinal,NA,Life goal: ___,"1-7 (1= not at all, 4 = moderately, 7= very)",NA,,,,,
 Further Examining the American Dream: Differential Correlates of Intrinsic and Extrinsic Goals. ,,,,NA,,,Item,Life-goal: To have my name appear frequently in the media. How much have you already attained this goal?,0,0,multiple choice,factor analysis,ordinal,NA,Life goal: ___,"1-7 (1= not at all, 4 = moderately, 7= very)",NA,,,,,
 Further Examining the American Dream: Differential Correlates of Intrinsic and Extrinsic Goals. ,,,,NA,,,Item,"Life-goal: To feel that there are people who really love me, and whom I love.  How important is this to you?",0,0,multiple choice,factor analysis,ordinal,NA,Life goal: ___,"1-7 (1= not at all, 4 = moderately, 7= very)",NA,,,,,
 Further Examining the American Dream: Differential Correlates of Intrinsic and Extrinsic Goals. ,,,,NA,,,Item,"Life-goal: To feel that there are people who really love me, and whom I love. How likely is it that this will happen in your future?",0,0,multiple choice,factor analysis,ordinal,NA,Life goal: ___,"1-7 (1= not at all, 4 = moderately, 7= very)",NA,,,,,
 Further Examining the American Dream: Differential Correlates of Intrinsic and Extrinsic Goals. ,,,,NA,,,Item,"Life-goal: To feel that there are people who really love me, and whom I love. How much have you already attained this goal?",0,0,multiple choice,factor analysis,ordinal,NA,Life goal: ___,"1-7 (1= not at all, 4 = moderately, 7= very)",NA,,,,,
 Further Examining the American Dream: Differential Correlates of Intrinsic and Extrinsic Goals. ,,,,NA,,,Item,"Life-goal: To achieve the ""look"" I've been after.  How important is this to you?",0,0,multiple choice,factor analysis,ordinal,NA,Life goal: ___,"1-7 (1= not at all, 4 = moderately, 7= very)",NA,,,,,
 Further Examining the American Dream: Differential Correlates of Intrinsic and Extrinsic Goals. ,,,,NA,,,Item,"Life-goal: To achieve the ""look"" I've been after. How likely is it that this will happen in your future?",0,0,multiple choice,factor analysis,ordinal,NA,Life goal: ___,"1-7 (1= not at all, 4 = moderately, 7= very)",NA,,,,,
 Further Examining the American Dream: Differential Correlates of Intrinsic and Extrinsic Goals. ,,,,NA,,,Item,"Life-goal: To achieve the ""look"" I've been after. How much have you already attained this goal?",0,0,multiple choice,factor analysis,ordinal,NA,Life goal: ___,"1-7 (1= not at all, 4 = moderately, 7= very)",NA,,,,,
 Further Examining the American Dream: Differential Correlates of Intrinsic and Extrinsic Goals. ,,,,NA,,,Item,Life-goal: To help others improve their lives.  How important is this to you?,0,0,multiple choice,factor analysis,ordinal,NA,Life goal: ___,"1-7 (1= not at all, 4 = moderately, 7= very)",NA,,,,,
 Further Examining the American Dream: Differential Correlates of Intrinsic and Extrinsic Goals. ,,,,NA,,,Item,Life-goal: To help others improve their lives. How likely is it that this will happen in your future?,0,0,multiple choice,factor analysis,ordinal,NA,Life goal: ___,"1-7 (1= not at all, 4 = moderately, 7= very)",NA,,,,,
 Further Examining the American Dream: Differential Correlates of Intrinsic and Extrinsic Goals. ,,,,NA,,,Item,Life-goal: To help others improve their lives. How much have you already attained this goal?,0,0,multiple choice,factor analysis,ordinal,NA,Life goal: ___,"1-7 (1= not at all, 4 = moderately, 7= very)",NA,,,,,
 Further Examining the American Dream: Differential Correlates of Intrinsic and Extrinsic Goals. ,,,,NA,,,Item,Life-goal: To be relatively free from sickness.  How important is this to you?,0,0,multiple choice,factor analysis,ordinal,NA,Life goal: ___,"1-7 (1= not at all, 4 = moderately, 7= very)",NA,,,,,
 Further Examining the American Dream: Differential Correlates of Intrinsic and Extrinsic Goals. ,,,,NA,,,Item,Life-goal: To be relatively free from sickness. How likely is it that this will happen in your future?,0,0,multiple choice,factor analysis,ordinal,NA,Life goal: ___,"1-7 (1= not at all, 4 = moderately, 7= very)",NA,,,,,
 Further Examining the American Dream: Differential Correlates of Intrinsic and Extrinsic Goals. ,,,,NA,,,Item,Life-goal: To be relatively free from sickness. How much have you already attained this goal?,0,0,multiple choice,factor analysis,ordinal,NA,Life goal: ___,"1-7 (1= not at all, 4 = moderately, 7= very)",NA,,,,,
 Further Examining the American Dream: Differential Correlates of Intrinsic and Extrinsic Goals. ,,,,NA,,,Item,Life-goal: To have enough money to buy everything I want.  How important is this to you?,0,0,multiple choice,factor analysis,ordinal,NA,Life goal: ___,"1-7 (1= not at all, 4 = moderately, 7= very)",NA,,,,,
 Further Examining the American Dream: Differential Correlates of Intrinsic and Extrinsic Goals. ,,,,NA,,,Item,Life-goal: To have enough money to buy everything I want. How likely is it that this will happen in your future?,0,0,multiple choice,factor analysis,ordinal,NA,Life goal: ___,"1-7 (1= not at all, 4 = moderately, 7= very)",NA,,,,,
 Further Examining the American Dream: Differential Correlates of Intrinsic and Extrinsic Goals. ,,,,NA,,,Item,Life-goal: To have enough money to buy everything I want. How much have you already attained this goal?,0,0,multiple choice,factor analysis,ordinal,NA,Life goal: ___,"1-7 (1= not at all, 4 = moderately, 7= very)",NA,,,,,
 Further Examining the American Dream: Differential Correlates of Intrinsic and Extrinsic Goals. ,,,,NA,,,Item,Life-goal: To gain increasing insight into why I do the things I do.  How important is this to you?,0,0,multiple choice,factor analysis,ordinal,NA,Life goal: ___,"1-7 (1= not at all, 4 = moderately, 7= very)",NA,,,,,
 Further Examining the American Dream: Differential Correlates of Intrinsic and Extrinsic Goals. ,,,,NA,,,Item,Life-goal: To gain increasing insight into why I do the things I do. How likely is it that this will happen in your future?,0,0,multiple choice,factor analysis,ordinal,NA,Life goal: ___,"1-7 (1= not at all, 4 = moderately, 7= very)",NA,,,,,
 Further Examining the American Dream: Differential Correlates of Intrinsic and Extrinsic Goals. ,,,,NA,,,Item,Life-goal: To gain increasing insight into why I do the things I do. How much have you already attained this goal?,0,0,multiple choice,factor analysis,ordinal,NA,Life goal: ___,"1-7 (1= not at all, 4 = moderately, 7= very)",NA,,,,,
 Further Examining the American Dream: Differential Correlates of Intrinsic and Extrinsic Goals. ,,,,NA,,,Item,Life-goal: To be admired by lots of different people.  How important is this to you?,0,0,multiple choice,factor analysis,ordinal,NA,Life goal: ___,"1-7 (1= not at all, 4 = moderately, 7= very)",NA,,,,,
 Further Examining the American Dream: Differential Correlates of Intrinsic and Extrinsic Goals. ,,,,NA,,,Item,Life-goal: To be admired by lots of different people. How likely is it that this will happen in your future?,0,0,multiple choice,factor analysis,ordinal,NA,Life goal: ___,"1-7 (1= not at all, 4 = moderately, 7= very)",NA,,,,,
 Further Examining the American Dream: Differential Correlates of Intrinsic and Extrinsic Goals. ,,,,NA,,,Item,Life-goal: To be admired by lots of different people. How much have you already attained this goal?,0,0,multiple choice,factor analysis,ordinal,NA,Life goal: ___,"1-7 (1= not at all, 4 = moderately, 7= very)",NA,,,,,
 Further Examining the American Dream: Differential Correlates of Intrinsic and Extrinsic Goals. ,,,,NA,,,Item,Life-goal: To have deep enduring relationships.  How important is this to you?,0,0,multiple choice,factor analysis,ordinal,NA,Life goal: ___,"1-7 (1= not at all, 4 = moderately, 7= very)",NA,,,,,
 Further Examining the American Dream: Differential Correlates of Intrinsic and Extrinsic Goals. ,,,,NA,,,Item,Life-goal: To have deep enduring relationships. How likely is it that this will happen in your future?,0,0,multiple choice,factor analysis,ordinal,NA,Life goal: ___,"1-7 (1= not at all, 4 = moderately, 7= very)",NA,,,,,
 Further Examining the American Dream: Differential Correlates of Intrinsic and Extrinsic Goals. ,,,,NA,,,Item,Life-goal: To have deep enduring relationships. How much have you already attained this goal?,0,0,multiple choice,factor analysis,ordinal,NA,Life goal: ___,"1-7 (1= not at all, 4 = moderately, 7= very)",NA,,,,,
 Further Examining the American Dream: Differential Correlates of Intrinsic and Extrinsic Goals. ,,,,NA,,,Item,Life-goal: To have an image that others find appealing.  How important is this to you?,0,0,multiple choice,factor analysis,ordinal,NA,Life goal: ___,"1-7 (1= not at all, 4 = moderately, 7= very)",NA,,,,,
 Further Examining the American Dream: Differential Correlates of Intrinsic and Extrinsic Goals. ,,,,NA,,,Item,Life-goal: To have an image that others find appealing. How likely is it that this will happen in your future?,0,0,multiple choice,factor analysis,ordinal,NA,Life goal: ___,"1-7 (1= not at all, 4 = moderately, 7= very)",NA,,,,,
 Further Examining the American Dream: Differential Correlates of Intrinsic and Extrinsic Goals. ,,,,NA,,,Item,Life-goal: To have an image that others find appealing. How much have you already attained this goal?,0,0,multiple choice,factor analysis,ordinal,NA,Life goal: ___,"1-7 (1= not at all, 4 = moderately, 7= very)",NA,,,,,
 Further Examining the American Dream: Differential Correlates of Intrinsic and Extrinsic Goals. ,,,,NA,,,Item,Life-goal: To help people in need.  How important is this to you?,0,0,multiple choice,factor analysis,ordinal,NA,Life goal: ___,"1-7 (1= not at all, 4 = moderately, 7= very)",NA,,,,,
 Further Examining the American Dream: Differential Correlates of Intrinsic and Extrinsic Goals. ,,,,NA,,,Item,Life-goal: To help people in need. How likely is it that this will happen in your future?,0,0,multiple choice,factor analysis,ordinal,NA,Life goal: ___,"1-7 (1= not at all, 4 = moderately, 7= very)",NA,,,,,
 Further Examining the American Dream: Differential Correlates of Intrinsic and Extrinsic Goals. ,,,,NA,,,Item,Life-goal: To help people in need. How much have you already attained this goal?,0,0,multiple choice,factor analysis,ordinal,NA,Life goal: ___,"1-7 (1= not at all, 4 = moderately, 7= very)",NA,,,,,
 Further Examining the American Dream: Differential Correlates of Intrinsic and Extrinsic Goals. ,,,,NA,,,Item,Life-goal: To have a physically healthy life style.  How important is this to you?,0,0,multiple choice,factor analysis,ordinal,NA,Life goal: ___,"1-7 (1= not at all, 4 = moderately, 7= very)",NA,,,,,
 Further Examining the American Dream: Differential Correlates of Intrinsic and Extrinsic Goals. ,,,,NA,,,Item,Life-goal: To have a physically healthy life style. How likely is it that this will happen in your future?,0,0,multiple choice,factor analysis,ordinal,NA,Life goal: ___,"1-7 (1= not at all, 4 = moderately, 7= very)",NA,,,,,
 Further Examining the American Dream: Differential Correlates of Intrinsic and Extrinsic Goals. ,,,,NA,,,Item,Life-goal: To have a physically healthy life style. How much have you already attained this goal?,0,0,multiple choice,factor analysis,ordinal,NA,Life goal: ___,"1-7 (1= not at all, 4 = moderately, 7= very)",NA,,,,,
,"""the discovery of the real self and its expression and the development.""",NA,1,Self-Actualization Index,NA,"Self-acceptance and Self-awareness, Autonomy and Independence, Personal Growth and Human Potential",Scale,,,,,,,,,,,paper,only once,"Jones, A., & Crandall, R. (1986). Validation of a Short Index of Self-Actualization. Personality and Social Psychology Bulletin, 12(1), 63-73. https://doi.org/10.1177/0146167286121007 (Original work published 1986)",,
 Further Examining the American Dream: Differential Correlates of Intrinsic and Extrinsic Goals. ,,,,Self-acceptance and Self-awareness,Self-Actualization Index,NA,,,,,,,,,,,,,,,,
 Further Examining the American Dream: Differential Correlates of Intrinsic and Extrinsic Goals. ,,,,Autonomy and Independence,Self-Actualization Index,NA,,,,,,,,,,,,,,,,
 Further Examining the American Dream: Differential Correlates of Intrinsic and Extrinsic Goals. ,,,,Personal Growth and Human Potential,Self-Actualization Index,NA,,,,,,,,,,,,,,,,
 Further Examining the American Dream: Differential Correlates of Intrinsic and Extrinsic Goals. ,,,,NA,,,Item,I do not feel ashamed of any of my emotions.,NA,0,multiple choice,factor analysis,ordinal,NA,NA,1-9.,NA,,,,,
 Further Examining the American Dream: Differential Correlates of Intrinsic and Extrinsic Goals. ,,,,NA,,,Item,I feel I must do what others expect me to do.,Yes,0,multiple choice,factor analysis,ordinal,NA,NA,1-9.,NA,,,,,
 Further Examining the American Dream: Differential Correlates of Intrinsic and Extrinsic Goals. ,,,,NA,,,Item,I believe that people are essentially good and can be trusted.,NA,0,multiple choice,factor analysis,ordinal,NA,NA,1-9.,NA,,,,,
 Further Examining the American Dream: Differential Correlates of Intrinsic and Extrinsic Goals. ,,,,NA,,,Item,I feel free to be angry at those I love.,NA,0,multiple choice,factor analysis,ordinal,NA,NA,1-9.,NA,,,,,
 Further Examining the American Dream: Differential Correlates of Intrinsic and Extrinsic Goals. ,,,,NA,,,Item,It is always necessary that others approve of what I do.,Yes,0,multiple choice,factor analysis,ordinal,NA,NA,1-9.,NA,,,,,
 Further Examining the American Dream: Differential Correlates of Intrinsic and Extrinsic Goals. ,,,,NA,,,Item,I don't accept my own weaknesses.,NA,0,multiple choice,factor analysis,ordinal,NA,NA,1-9.,NA,,,,,
 Further Examining the American Dream: Differential Correlates of Intrinsic and Extrinsic Goals. ,,,,NA,,,Item,I can like people without having to approve of them.,NA,0,multiple choice,factor analysis,ordinal,NA,NA,1-9.,NA,,,,,
 Further Examining the American Dream: Differential Correlates of Intrinsic and Extrinsic Goals. ,,,,NA,,,Item,I fear failure.,Yes,0,multiple choice,factor analysis,ordinal,NA,NA,1-9.,NA,,,,,
 Further Examining the American Dream: Differential Correlates of Intrinsic and Extrinsic Goals. ,,,,NA,,,Item,I avoid attempts to analyze and simplify complex domains.,Yes,0,multiple choice,factor analysis,ordinal,NA,NA,1-9.,NA,,,,,
 Further Examining the American Dream: Differential Correlates of Intrinsic and Extrinsic Goals. ,,,,NA,,,Item,It is better to be yourself than to be popular.,NA,0,multiple choice,factor analysis,ordinal,NA,NA,1-9.,NA,,,,,
 Further Examining the American Dream: Differential Correlates of Intrinsic and Extrinsic Goals. ,,,,NA,,,Item,I have no mission in life to which I feel especially dedicated.,Yes,0,multiple choice,factor analysis,ordinal,NA,NA,1-9.,NA,,,,,
 Further Examining the American Dream: Differential Correlates of Intrinsic and Extrinsic Goals. ,,,,NA,,,Item,I can express my feelings even when they may result in undesirable consequences.,NA,0,multiple choice,factor analysis,ordinal,NA,NA,1-9.,NA,,,,,
 Further Examining the American Dream: Differential Correlates of Intrinsic and Extrinsic Goals. ,,,,NA,,,Item,I do not feel responsible to help anybody.,Yes,0,multiple choice,factor analysis,ordinal,NA,NA,1-9.,NA,,,,,
 Further Examining the American Dream: Differential Correlates of Intrinsic and Extrinsic Goals. ,,,,NA,,,Item,I am bothered by fears of being inadequate.,Yes,0,multiple choice,factor analysis,ordinal,NA,NA,1-9.,NA,,,,,
 Further Examining the American Dream: Differential Correlates of Intrinsic and Extrinsic Goals. ,,,,NA,,,Item,I am loved because I give love.,NA,0,multiple choice,factor analysis,ordinal,NA,NA,1-9.,NA,,,,,
 Further Examining the American Dream: Differential Correlates of Intrinsic and Extrinsic Goals. ,,,,NA,,,,,,,,,,,,,,,,,,
 Further Examining the American Dream: Differential Correlates of Intrinsic and Extrinsic Goals. ,""" ...subjective vitality, defined as one's conscious experience of possessing energy and aliveness.""",NA,1,Subjective Vitality Scales,NA,NA,Scale,,,,,,,,,,,paper,only once,"Ryan RM, Frederick C. On energy, personality, and health: subjective vitality as a dynamic reflection of well-being. J Pers. 1997 Sep;65(3):529-65. doi: 10.1111/j.1467-6494.1997.tb00326.x. PMID: 9327588.",,
 Further Examining the American Dream: Differential Correlates of Intrinsic and Extrinsic Goals. ,,,,NA,,,Item,I feel alive and vital.,0,0,multiple choice,factor analysis,ordinal,NA,NA,"1-7 (1= not at all true, 4= somewhat true, 7= very true)",NA,,,,,
 Further Examining the American Dream: Differential Correlates of Intrinsic and Extrinsic Goals. ,,,,NA,,,Item,I don't feel very energetic.,1,0,multiple choice,factor analysis,ordinal,NA,NA,"1-7 (1= not at all true, 4= somewhat true, 7= very true)",NA,,,,,
 Further Examining the American Dream: Differential Correlates of Intrinsic and Extrinsic Goals. ,,,,NA,,,Item,Sometimes I feel so alive I just want to burst.,0,0,multiple choice,factor analysis,ordinal,NA,NA,"1-7 (1= not at all true, 4= somewhat true, 7= very true)",NA,,,,,
 Further Examining the American Dream: Differential Correlates of Intrinsic and Extrinsic Goals. ,,,,NA,,,Item,I have energy and spirit.,0,0,multiple choice,factor analysis,ordinal,NA,NA,"1-7 (1= not at all true, 4= somewhat true, 7= very true)",NA,,,,,
 Further Examining the American Dream: Differential Correlates of Intrinsic and Extrinsic Goals. ,,,,NA,,,Item,I look forward to each new day.,0,0,multiple choice,factor analysis,ordinal,NA,NA,"1-7 (1= not at all true, 4= somewhat true, 7= very true)",NA,,,,,
 Further Examining the American Dream: Differential Correlates of Intrinsic and Extrinsic Goals. ,,,,NA,,,Item,I nearly always feel alert and awake.,0,0,multiple choice,factor analysis,ordinal,NA,NA,"1-7 (1= not at all true, 4= somewhat true, 7= very true)",NA,,,,,
 Further Examining the American Dream: Differential Correlates of Intrinsic and Extrinsic Goals. ,,,,NA,,,Item,I feel energetic,0,0,multiple choice,factor analysis,ordinal,NA,NA,"1-7 (1= not at all true, 4= somewhat true, 7= very true)",NA,,,,,
 Further Examining the American Dream: Differential Correlates of Intrinsic and Extrinsic Goals. ,"""... designed to measure currently level of depressive sumptomatology, with emphasis on the affective comonent, depressive mood.""",NA,1,Center for Epidemological Studies- Depression Inventory,NA,"Depressed Affect, Positive Affect, Somatic and Retarded Activity, Interpersonal Difficulties",Scale,,,,,,,,,,,paper,only once,"Radloff, L. S. (1977). The CES-D Scale: A Self-Report Depression Scale for Research in the General Population: A Self-Report Depression Scale for Research in the General Population. Applied Psychological Measurement, 1(3), 385-401. https://doi.org/10.1177/014662167700100306 (Original work published 1977)",,
 Further Examining the American Dream: Differential Correlates of Intrinsic and Extrinsic Goals. ,,,,NA,Center for Epidemological Studies- Depression Inventory,NA,"Depressed Affect, Positive Affect, Somatic and Retarded Activity, Interpersonal Difficulties",,,,,,,,,,,,,,,
 Further Examining the American Dream: Differential Correlates of Intrinsic and Extrinsic Goals. ,,,,NA,Depressed Affect,Center for Epidemological Studies- Depression Inventory,NA,,,,,,,,,,,,,,,
 Further Examining the American Dream: Differential Correlates of Intrinsic and Extrinsic Goals. ,,,,NA,Positive Affect,Center for Epidemological Studies- Depression Inventory,NA,,,,,,,,,,,,,,,
 Further Examining the American Dream: Differential Correlates of Intrinsic and Extrinsic Goals. ,,,,NA,Somatic and Retarded Activity,Center for Epidemological Studies- Depression Inventory,NA,,,,,,,,,,,,,,,
 Further Examining the American Dream: Differential Correlates of Intrinsic and Extrinsic Goals. ,,,,NA,Interpersonal Difficulties,Center for Epidemological Studies- Depression Inventory,NA,,,,,,,,,,,,,,,
 Further Examining the American Dream: Differential Correlates of Intrinsic and Extrinsic Goals. ,,,,NA,,,Item,I was bothered by things that usually don't bother me.,0,0,multiple choice,factor analysis,categorical,During this past week,NA,NA,"Rarely or none of the times (less than 1 day), some or a little bit of the time (1-2 days), occasionally or a moderate amount of time (3-4 days), modt or all of the time (5-7 days)",,,,,
 Further Examining the American Dream: Differential Correlates of Intrinsic and Extrinsic Goals. ,,,,NA,,,Item,I did not feel like eating; my appetite was poor.,0,0,multiple choice,factor analysis,categorical,During this past week,NA,NA,"Rarely or none of the times (less than 1 day), some or a little bit of the time (1-2 days), occasionally or a moderate amount of time (3-4 days), modt or all of the time (5-7 days)",,,,,
 Further Examining the American Dream: Differential Correlates of Intrinsic and Extrinsic Goals. ,,,,NA,,,Item,I felt that I could not shake off the blues even with help from my family or friends.,0,0,multiple choice,factor analysis,categorical,During this past week,NA,NA,"Rarely or none of the times (less than 1 day), some or a little bit of the time (1-2 days), occasionally or a moderate amount of time (3-4 days), modt or all of the time (5-7 days)",,,,,
 Further Examining the American Dream: Differential Correlates of Intrinsic and Extrinsic Goals. ,,,,NA,,,Item,I felt I was just as good as other people.,1,0,multiple choice,factor analysis,categorical,During this past week,NA,NA,"Rarely or none of the times (less than 1 day), some or a little bit of the time (1-2 days), occasionally or a moderate amount of time (3-4 days), modt or all of the time (5-7 days)",,,,,
 Further Examining the American Dream: Differential Correlates of Intrinsic and Extrinsic Goals. ,,,,NA,,,Item,I had trouble keeping my mind on what I was doing.,0,0,multiple choice,factor analysis,categorical,During this past week,NA,NA,"Rarely or none of the times (less than 1 day), some or a little bit of the time (1-2 days), occasionally or a moderate amount of time (3-4 days), modt or all of the time (5-7 days)",,,,,
 Further Examining the American Dream: Differential Correlates of Intrinsic and Extrinsic Goals. ,,,,NA,,,Item,I felt depressed.,0,0,multiple choice,factor analysis,categorical,During this past week,NA,NA,"Rarely or none of the times (less than 1 day), some or a little bit of the time (1-2 days), occasionally or a moderate amount of time (3-4 days), modt or all of the time (5-7 days)",,,,,
 Further Examining the American Dream: Differential Correlates of Intrinsic and Extrinsic Goals. ,,,,NA,,,Item,I felt that everything I did was an effort.,0,0,multiple choice,factor analysis,categorical,During this past week,NA,NA,"Rarely or none of the times (less than 1 day), some or a little bit of the time (1-2 days), occasionally or a moderate amount of time (3-4 days), modt or all of the time (5-7 days)",,,,,
 Further Examining the American Dream: Differential Correlates of Intrinsic and Extrinsic Goals. ,,,,NA,,,Item,I felt hopeful about the future.,1,0,multiple choice,factor analysis,categorical,During this past week,NA,NA,"Rarely or none of the times (less than 1 day), some or a little bit of the time (1-2 days), occasionally or a moderate amount of time (3-4 days), modt or all of the time (5-7 days)",,,,,
 Further Examining the American Dream: Differential Correlates of Intrinsic and Extrinsic Goals. ,,,,NA,,,Item,I thought my life had been a failure.,0,0,multiple choice,factor analysis,categorical,During this past week,NA,NA,"Rarely or none of the times (less than 1 day), some or a little bit of the time (1-2 days), occasionally or a moderate amount of time (3-4 days), modt or all of the time (5-7 days)",,,,,
 Further Examining the American Dream: Differential Correlates of Intrinsic and Extrinsic Goals. ,,,,NA,,,Item,I felt fearful.,0,0,multiple choice,factor analysis,categorical,During this past week,NA,NA,"Rarely or none of the times (less than 1 day), some or a little bit of the time (1-2 days), occasionally or a moderate amount of time (3-4 days), modt or all of the time (5-7 days)",,,,,
 Further Examining the American Dream: Differential Correlates of Intrinsic and Extrinsic Goals. ,,,,NA,,,Item,My sleep was restless.,0,0,multiple choice,factor analysis,categorical,During this past week,NA,NA,"Rarely or none of the times (less than 1 day), some or a little bit of the time (1-2 days), occasionally or a moderate amount of time (3-4 days), modt or all of the time (5-7 days)",,,,,
 Further Examining the American Dream: Differential Correlates of Intrinsic and Extrinsic Goals. ,,,,NA,,,Item,I was happy.,1,0,multiple choice,factor analysis,categorical,During this past week,NA,NA,"Rarely or none of the times (less than 1 day), some or a little bit of the time (1-2 days), occasionally or a moderate amount of time (3-4 days), modt or all of the time (5-7 days)",,,,,
 Further Examining the American Dream: Differential Correlates of Intrinsic and Extrinsic Goals. ,,,,NA,,,Item,I talked less than usual.,0,0,multiple choice,factor analysis,categorical,During this past week,NA,NA,"Rarely or none of the times (less than 1 day), some or a little bit of the time (1-2 days), occasionally or a moderate amount of time (3-4 days), modt or all of the time (5-7 days)",,,,,
 Further Examining the American Dream: Differential Correlates of Intrinsic and Extrinsic Goals. ,,,,NA,,,Item,I felt lonely.,0,0,multiple choice,factor analysis,categorical,During this past week,NA,NA,"Rarely or none of the times (less than 1 day), some or a little bit of the time (1-2 days), occasionally or a moderate amount of time (3-4 days), modt or all of the time (5-7 days)",,,,,
 Further Examining the American Dream: Differential Correlates of Intrinsic and Extrinsic Goals. ,,,,NA,,,Item,People were unfriendly.,0,0,multiple choice,factor analysis,categorical,During this past week,NA,NA,"Rarely or none of the times (less than 1 day), some or a little bit of the time (1-2 days), occasionally or a moderate amount of time (3-4 days), modt or all of the time (5-7 days)",,,,,
 Further Examining the American Dream: Differential Correlates of Intrinsic and Extrinsic Goals. ,,,,NA,,,Item,I enjoyed life.,1,0,multiple choice,factor analysis,categorical,During this past week,NA,NA,"Rarely or none of the times (less than 1 day), some or a little bit of the time (1-2 days), occasionally or a moderate amount of time (3-4 days), modt or all of the time (5-7 days)",,,,,
 Further Examining the American Dream: Differential Correlates of Intrinsic and Extrinsic Goals. ,,,,NA,,,Item,I had crying spells.,0,0,multiple choice,factor analysis,categorical,During this past week,NA,NA,"Rarely or none of the times (less than 1 day), some or a little bit of the time (1-2 days), occasionally or a moderate amount of time (3-4 days), modt or all of the time (5-7 days)",,,,,
 Further Examining the American Dream: Differential Correlates of Intrinsic and Extrinsic Goals. ,,,,NA,,,Item,I felt sad.,0,0,multiple choice,factor analysis,categorical,During this past week,NA,NA,"Rarely or none of the times (less than 1 day), some or a little bit of the time (1-2 days), occasionally or a moderate amount of time (3-4 days), modt or all of the time (5-7 days)",,,,,
 Further Examining the American Dream: Differential Correlates of Intrinsic and Extrinsic Goals. ,,,,NA,,,Item,I felt that people disliked me.,0,0,multiple choice,factor analysis,categorical,During this past week,NA,NA,"Rarely or none of the times (less than 1 day), some or a little bit of the time (1-2 days), occasionally or a moderate amount of time (3-4 days), modt or all of the time (5-7 days)",,,,,
 Further Examining the American Dream: Differential Correlates of Intrinsic and Extrinsic Goals. ,,,,NA,,,Item,I could not get going.,0,0,multiple choice,factor analysis,categorical,During this past week,NA,NA,"Rarely or none of the times (less than 1 day), some or a little bit of the time (1-2 days), occasionally or a moderate amount of time (3-4 days), modt or all of the time (5-7 days)",,,,,
,,,,,,,,,,,,,,,,,,,,,,
 Further Examining the American Dream: Differential Correlates of Intrinsic and Extrinsic Goals. ,"""exhibitionism, feelings of entitlement involving the expectation of special privledges over others and special exemptions from normal social demands, a tendency to see others as extensions of onselfk feelings and thoughts of omnipotency involving the control of others, an intolerance for criticism from others that involves the perception of criticism as a demand for changing oneself, a tendency to be critical of others who are different from onself, suspiciousness, jealousy, and a tendency to focus on one's own mental products.""",NA,1,Narcissistic Personality Inventory,NA,"Authority, Self-Sufficiency, Superiority, Exhibitionism, Exploitiveness, Vanity, Entitlement",Scale,,,,,,,,,,,paper,only once,"Raskin, Robert & Terry, Howard. (1988). A Principal-Components Analysis of the Narcissistic Personality Inventory and Further Evidence of Its Construct Validity. Journal of Personality and Social Psychology. 54. 890-902. 10.1037/0022-3514.54.5.890. ",,
 Further Examining the American Dream: Differential Correlates of Intrinsic and Extrinsic Goals. ,,,,Authority'Self-Sufficiency,Narcissistic Personality Inventory,NA,,,,,,,,,,,,,,,,
 Further Examining the American Dream: Differential Correlates of Intrinsic and Extrinsic Goals. ,,,,Superiority,Narcissistic Personality Inventory,NA,,,,,,,,,,,,,,,,
 Further Examining the American Dream: Differential Correlates of Intrinsic and Extrinsic Goals. ,,,,Exhibitionism,Narcissistic Personality Inventory,NA,,,,,,,,,,,,,,,,
 Further Examining the American Dream: Differential Correlates of Intrinsic and Extrinsic Goals. ,,,,Exploitiveness,Narcissistic Personality Inventory,NA,,,,,,,,,,,,,,,,
 Further Examining the American Dream: Differential Correlates of Intrinsic and Extrinsic Goals. ,,,,Vanity,Narcissistic Personality Inventory,NA,,,,,,,,,,,,,,,,
 Further Examining the American Dream: Differential Correlates of Intrinsic and Extrinsic Goals. ,,,,Entitlement,Narcissistic Personality Inventory,NA,,,,,,,,,,,,,,,,
 Further Examining the American Dream: Differential Correlates of Intrinsic and Extrinsic Goals. ,,,,NA,,,Item,A. I have a natural talent for influencing people. B. I am not good at influencing people.,NA,0,multiple choice,factor analysis,ordinal,NA,NA,NA,"of the two statements, pick the one that applies to you.",,,,,
 Further Examining the American Dream: Differential Correlates of Intrinsic and Extrinsic Goals. ,,,,NA,,,Item,A. Modesty doesn't become me. B. I am essentially a modest person.,NA,0,multiple choice,factor analysis,ordinal,NA,NA,NA,"of the two statements, pick the one that applies to you.",,,,,
 Further Examining the American Dream: Differential Correlates of Intrinsic and Extrinsic Goals. ,,,,NA,,,Item,A. I would do almost anything on a dare. B. I tend to be a fairly cautious person.,NA,0,multiple choice,factor analysis,ordinal,NA,NA,NA,"of the two statements, pick the one that applies to you.",,,,,
 Further Examining the American Dream: Differential Correlates of Intrinsic and Extrinsic Goals. ,,,,NA,,,Item,A. When people compliment me I sometimes get embarrassed. B. I know that I am good because everybody keeps telling me so.,NA,0,multiple choice,factor analysis,ordinal,NA,NA,NA,"of the two statements, pick the one that applies to you.",,,,,
 Further Examining the American Dream: Differential Correlates of Intrinsic and Extrinsic Goals. ,,,,NA,,,Item,A. The thought of ruling the world frightens the hell out of me. B. If I ruled the world it would be a better place.,NA,0,multiple choice,factor analysis,ordinal,NA,NA,NA,"of the two statements, pick the one that applies to you.",,,,,
 Further Examining the American Dream: Differential Correlates of Intrinsic and Extrinsic Goals. ,,,,NA,,,Item,A. I can usually talk my way out of anything. B. I try to accept the consequences of my behavior.,NA,0,multiple choice,factor analysis,ordinal,NA,NA,NA,"of the two statements, pick the one that applies to you.",,,,,
 Further Examining the American Dream: Differential Correlates of Intrinsic and Extrinsic Goals. ,,,,NA,,,Item,A. I prefer to blend in with the crowd. B. I like to be the center of attention.,NA,0,multiple choice,factor analysis,ordinal,NA,NA,NA,"of the two statements, pick the one that applies to you.",,,,,
 Further Examining the American Dream: Differential Correlates of Intrinsic and Extrinsic Goals. ,,,,NA,,,Item,A. I will be a success. B. I am not too concerned about success.,NA,0,multiple choice,factor analysis,ordinal,NA,NA,NA,"of the two statements, pick the one that applies to you.",,,,,
 Further Examining the American Dream: Differential Correlates of Intrinsic and Extrinsic Goals. ,,,,NA,,,Item,A. I am no better or worse than most people. B. I think I am a special person.,NA,0,multiple choice,factor analysis,ordinal,NA,NA,NA,"of the two statements, pick the one that applies to you.",,,,,
 Further Examining the American Dream: Differential Correlates of Intrinsic and Extrinsic Goals. ,,,,NA,,,Item,A. I am not sure if I would make a good leader. B. I see myself as a good leader.,NA,0,multiple choice,factor analysis,ordinal,NA,NA,NA,"of the two statements, pick the one that applies to you.",,,,,
 Further Examining the American Dream: Differential Correlates of Intrinsic and Extrinsic Goals. ,,,,NA,,,Item,A. I am assertive. B. I wish I were more assertive.,NA,0,multiple choice,factor analysis,ordinal,NA,NA,NA,"of the two statements, pick the one that applies to you.",,,,,
 Further Examining the American Dream: Differential Correlates of Intrinsic and Extrinsic Goals. ,,,,NA,,,Item,A. I like to have authority over other people. B. I don't mind following orders.,NA,0,multiple choice,factor analysis,ordinal,NA,NA,NA,"of the two statements, pick the one that applies to you.",,,,,
 Further Examining the American Dream: Differential Correlates of Intrinsic and Extrinsic Goals. ,,,,NA,,,Item,A. I find it easy to manipulate people. B. I don't like it when I find myself manipulating people.,NA,0,multiple choice,factor analysis,ordinal,NA,NA,NA,"of the two statements, pick the one that applies to you.",,,,,
 Further Examining the American Dream: Differential Correlates of Intrinsic and Extrinsic Goals. ,,,,NA,,,Item,A. I insist upon getting the respect that is due me. B. I usually get the respect that I deserve.,NA,0,multiple choice,factor analysis,ordinal,NA,NA,NA,"of the two statements, pick the one that applies to you.",,,,,
 Further Examining the American Dream: Differential Correlates of Intrinsic and Extrinsic Goals. ,,,,NA,,,Item,A. I don't particularly like to show off my body. B. I like to show off my body.,NA,0,multiple choice,factor analysis,ordinal,NA,NA,NA,"of the two statements, pick the one that applies to you.",,,,,
 Further Examining the American Dream: Differential Correlates of Intrinsic and Extrinsic Goals. ,,,,NA,,,Item,A. I can read people like a book. B. People are sometimes hard to understand.,NA,0,multiple choice,factor analysis,ordinal,NA,NA,NA,"of the two statements, pick the one that applies to you.",,,,,
 Further Examining the American Dream: Differential Correlates of Intrinsic and Extrinsic Goals. ,,,,NA,,,Item,A. If I feel competent I am willing to take responsibility for making decisions. B. I like to take responsibility for making decisions.,NA,0,multiple choice,factor analysis,ordinal,NA,NA,NA,"of the two statements, pick the one that applies to you.",,,,,
 Further Examining the American Dream: Differential Correlates of Intrinsic and Extrinsic Goals. ,,,,NA,,,Item,A. I just want to be reasonably happy. B. I want to ammount to something in the eyes of the world.,NA,0,multiple choice,factor analysis,ordinal,NA,NA,NA,"of the two statements, pick the one that applies to you.",,,,,
 Further Examining the American Dream: Differential Correlates of Intrinsic and Extrinsic Goals. ,,,,NA,,,Item,A. My body is nothing special. B. I like to look at my body.,NA,0,multiple choice,factor analysis,ordinal,NA,NA,NA,"of the two statements, pick the one that applies to you.",,,,,
 Further Examining the American Dream: Differential Correlates of Intrinsic and Extrinsic Goals. ,,,,NA,,,Item,A. I try not to be a show off. B. I usually show off if I get the chance.,NA,0,multiple choice,factor analysis,ordinal,NA,NA,NA,"of the two statements, pick the one that applies to you.",,,,,
 Further Examining the American Dream: Differential Correlates of Intrinsic and Extrinsic Goals. ,,,,NA,,,Item,A. I always know what I am doing. B. Sometimes I am not sure of what I am doing.,NA,0,multiple choice,factor analysis,ordinal,NA,NA,NA,"of the two statements, pick the one that applies to you.",,,,,
 Further Examining the American Dream: Differential Correlates of Intrinsic and Extrinsic Goals. ,,,,NA,,,Item,A. I sometimes depend on people to get things done. B. I rarely depend on anyone else to get things done.,NA,0,multiple choice,factor analysis,ordinal,NA,NA,NA,"of the two statements, pick the one that applies to you.",,,,,
 Further Examining the American Dream: Differential Correlates of Intrinsic and Extrinsic Goals. ,,,,NA,,,Item,A. Sometimes I tell good stories. B. Everybody likes to hear my stories.,NA,0,multiple choice,factor analysis,ordinal,NA,NA,NA,"of the two statements, pick the one that applies to you.",,,,,
 Further Examining the American Dream: Differential Correlates of Intrinsic and Extrinsic Goals. ,,,,NA,,,Item,A. I expect a great deal from other people. B. I like to do things for other people.,NA,0,multiple choice,factor analysis,ordinal,NA,NA,NA,"of the two statements, pick the one that applies to you.",,,,,
 Further Examining the American Dream: Differential Correlates of Intrinsic and Extrinsic Goals. ,,,,NA,,,Item,A. I will never be satisfied until I get all that I deserve. B. I take my satisfactions as they come.,NA,0,multiple choice,factor analysis,ordinal,NA,NA,NA,"of the two statements, pick the one that applies to you.",,,,,
 Further Examining the American Dream: Differential Correlates of Intrinsic and Extrinsic Goals. ,,,,NA,,,Item,A. Compliments embarrass me. B. I like to be complimented.,NA,0,multiple choice,factor analysis,ordinal,NA,NA,NA,"of the two statements, pick the one that applies to you.",,,,,
 Further Examining the American Dream: Differential Correlates of Intrinsic and Extrinsic Goals. ,,,,NA,,,Item,A. I have a strong will to power. B. Power for its own sake doesn't interest me.,NA,0,multiple choice,factor analysis,ordinal,NA,NA,NA,"of the two statements, pick the one that applies to you.",,,,,
 Further Examining the American Dream: Differential Correlates of Intrinsic and Extrinsic Goals. ,,,,NA,,,Item,A. I don't care about new fads and fashions. B. I like to start new fads and fashions.,NA,0,multiple choice,factor analysis,ordinal,NA,NA,NA,"of the two statements, pick the one that applies to you.",,,,,
 Further Examining the American Dream: Differential Correlates of Intrinsic and Extrinsic Goals. ,,,,NA,,,Item,A. I like to lok at myself in the mirror. B. I am not particularly interested in looking at myself in the mirror.,NA,0,multiple choice,factor analysis,ordinal,NA,NA,NA,"of the two statements, pick the one that applies to you.",,,,,
 Further Examining the American Dream: Differential Correlates of Intrinsic and Extrinsic Goals. ,,,,NA,,,Item,A. I really like to be the center of attention. B. It makes me uncomfortable to be the center of attention.,NA,0,multiple choice,factor analysis,ordinal,NA,NA,NA,"of the two statements, pick the one that applies to you.",,,,,
 Further Examining the American Dream: Differential Correlates of Intrinsic and Extrinsic Goals. ,,,,NA,,,Item,A. I can live my life in any way I want to. B. People can't always live their lives in terms of what they want.,NA,0,multiple choice,factor analysis,ordinal,NA,NA,NA,"of the two statements, pick the one that applies to you.",,,,,
 Further Examining the American Dream: Differential Correlates of Intrinsic and Extrinsic Goals. ,,,,NA,,,Item,A. Being an authority doesn't mean that much to me. B. People always seem to recognize my authority.,NA,0,multiple choice,factor analysis,ordinal,NA,NA,NA,"of the two statements, pick the one that applies to you.",,,,,
 Further Examining the American Dream: Differential Correlates of Intrinsic and Extrinsic Goals. ,,,,NA,,,Item,A. I would prefer to be a leader. B. It makes little difference to me whether I am a leader or not.,NA,0,multiple choice,factor analysis,ordinal,NA,NA,NA,"of the two statements, pick the one that applies to you.",,,,,
 Further Examining the American Dream: Differential Correlates of Intrinsic and Extrinsic Goals. ,,,,NA,,,Item,A. I am going to be a great person. B. I hope I am going to be successful.,NA,0,multiple choice,factor analysis,ordinal,NA,NA,NA,"of the two statements, pick the one that applies to you.",,,,,
 Further Examining the American Dream: Differential Correlates of Intrinsic and Extrinsic Goals. ,,,,NA,,,Item,A. People sometimes believe what I tell them. I can make anybody believe anything I want them to.,NA,0,multiple choice,factor analysis,ordinal,NA,NA,NA,"of the two statements, pick the one that applies to you.",,,,,
 Further Examining the American Dream: Differential Correlates of Intrinsic and Extrinsic Goals. ,,,,NA,,,Item,A. I am a born leader. B. Leadership is a born quality that takes a long time to develop.,NA,0,multiple choice,factor analysis,ordinal,NA,NA,NA,"of the two statements, pick the one that applies to you.",,,,,
 Further Examining the American Dream: Differential Correlates of Intrinsic and Extrinsic Goals. ,,,,NA,,,Item,A. I wish somebody would someday write my biography. B. I don't like people to pry into my life for any reason.,NA,0,multiple choice,factor analysis,ordinal,NA,NA,NA,"of the two statements, pick the one that applies to you.",,,,,
 Further Examining the American Dream: Differential Correlates of Intrinsic and Extrinsic Goals. ,,,,NA,,,Item,A. I get upset when people don't notice how I look when I go out in public. B. I don't mind blending into the crowd when I go out in public.,NA,0,multiple choice,factor analysis,ordinal,NA,NA,NA,"of the two statements, pick the one that applies to you.",,,,,
 Further Examining the American Dream: Differential Correlates of Intrinsic and Extrinsic Goals. ,,,,NA,,,Item,A. I am more capable than other people. B. There is a lot that I can learn from other people.,NA,0,multiple choice,factor analysis,ordinal,NA,NA,NA,"of the two statements, pick the one that applies to you.",,,,,
 Further Examining the American Dream: Differential Correlates of Intrinsic and Extrinsic Goals. ,,,,NA,,,Item,A. I am much like everybody else. B. I am an extraordinary person.,NA,0,multiple choice,factor analysis,ordinal,NA,NA,NA,"of the two statements, pick the one that applies to you.",,,,,
,,,,,,,,,,,,,,,,,,,,,,
 Further Examining the American Dream: Differential Correlates of Intrinsic and Extrinsic Goals. ,It is generally conceptualizing what people do in order to present themselves in a favorable way to others.,NA,1,Marlowe-Crowne Social Desirability Scale,NA,NA,Scale,,,,,,,,,,,paper,only once,"Crowne, D. P., & Marlowe, D. (1960). A new scale of social desirability independent of psychopathology. Journal of Consulting Psychology, 24(4), 349-354. doi:https://doi.org/10.1037/h0047358",,
 Further Examining the American Dream: Differential Correlates of Intrinsic and Extrinsic Goals. ,,,,NA,,,Item,Before voting I thoroughly investigate the qualifications of all the candidates.,0,0,multiple choice,factor analysis,ordinal,NA,NA,NA,true/false,,,,,
 Further Examining the American Dream: Differential Correlates of Intrinsic and Extrinsic Goals. ,,,,NA,,,Item,I never hesitate to go out of my way to help someone in trouble.,1,0,multiple choice,factor analysis,ordinal,NA,NA,NA,true/false,,,,,
 Further Examining the American Dream: Differential Correlates of Intrinsic and Extrinsic Goals. ,,,,NA,,,Item,It is sometimes hard for me to go on with my work if I am not encouraged.,0,0,multiple choice,factor analysis,ordinal,NA,NA,NA,true/false,,,,,
 Further Examining the American Dream: Differential Correlates of Intrinsic and Extrinsic Goals. ,,,,NA,,,Item,I have never intensely disliked someone.,1,0,multiple choice,factor analysis,ordinal,NA,NA,NA,true/false,,,,,
 Further Examining the American Dream: Differential Correlates of Intrinsic and Extrinsic Goals. ,,,,NA,,,Item,On occasion I have had doubts about my ability to succeed in life.,1,0,multiple choice,factor analysis,ordinal,NA,NA,NA,true/false,,,,,
 Further Examining the American Dream: Differential Correlates of Intrinsic and Extrinsic Goals. ,,,,NA,,,Item,I sometimes feel resentful when I don't get my way.,0,0,multiple choice,factor analysis,ordinal,NA,NA,NA,true/false,,,,,
 Further Examining the American Dream: Differential Correlates of Intrinsic and Extrinsic Goals. ,,,,NA,,,Item,I am always careful about my manner of dress.,1,0,multiple choice,factor analysis,ordinal,NA,NA,NA,true/false,,,,,
 Further Examining the American Dream: Differential Correlates of Intrinsic and Extrinsic Goals. ,,,,NA,,,Item,My table manners at home are as good as when I eat out in a restaurant.,0,0,multiple choice,factor analysis,ordinal,NA,NA,NA,true/false,,,,,
 Further Examining the American Dream: Differential Correlates of Intrinsic and Extrinsic Goals. ,,,,NA,,,Item,If I could get into a movie without paying and be sure I was not seen I would probably do it.,1,0,multiple choice,factor analysis,ordinal,NA,NA,NA,true/false,,,,,
 Further Examining the American Dream: Differential Correlates of Intrinsic and Extrinsic Goals. ,,,,NA,,,Item,"On a few occasions, I have given up doing something because I thought too little of my ability.",1,0,multiple choice,factor analysis,ordinal,NA,NA,NA,true/false,,,,,
 Further Examining the American Dream: Differential Correlates of Intrinsic and Extrinsic Goals. ,,,,NA,,,Item,I like to gossip at times.,0,0,multiple choice,factor analysis,ordinal,NA,NA,NA,true/false,,,,,
 Further Examining the American Dream: Differential Correlates of Intrinsic and Extrinsic Goals. ,,,,NA,,,Item,There have been times when I felt like rebelling against people in authority even though I knew they were right.,0,0,multiple choice,factor analysis,ordinal,NA,NA,NA,true/false,,,,,
 Further Examining the American Dream: Differential Correlates of Intrinsic and Extrinsic Goals. ,,,,NA,,,Item,"No matter who I'm talking to, I'm always a good listener.",1,0,multiple choice,factor analysis,ordinal,NA,NA,NA,true/false,,,,,
 Further Examining the American Dream: Differential Correlates of Intrinsic and Extrinsic Goals. ,,,,NA,,,Item,"I can remember ""playing sick"" to get out of something.",0,0,multiple choice,factor analysis,ordinal,NA,NA,NA,true/false,,,,,
 Further Examining the American Dream: Differential Correlates of Intrinsic and Extrinsic Goals. ,,,,NA,,,Item,There have been occasions when I took advantage of someone.,0,0,multiple choice,factor analysis,ordinal,NA,NA,NA,true/false,,,,,
 Further Examining the American Dream: Differential Correlates of Intrinsic and Extrinsic Goals. ,,,,NA,,,Item,I'm always willing to admit it when I make a mistake.,1,0,multiple choice,factor analysis,ordinal,NA,NA,NA,true/false,,,,,
 Further Examining the American Dream: Differential Correlates of Intrinsic and Extrinsic Goals. ,,,,NA,,,Item,I always try to practice what I preach.,1,0,multiple choice,factor analysis,ordinal,NA,NA,NA,true/false,,,,,
 Further Examining the American Dream: Differential Correlates of Intrinsic and Extrinsic Goals. ,,,,NA,,,Item,"I don't find it particularly difficult to get along with loud mouthed, obnoxious people.",1,0,multiple choice,factor analysis,ordinal,NA,NA,NA,true/false,,,,,
 Further Examining the American Dream: Differential Correlates of Intrinsic and Extrinsic Goals. ,,,,NA,,,Item,I sometimes try to get even rather than forgive and forget.,0,0,multiple choice,factor analysis,ordinal,NA,NA,NA,true/false,,,,,
 Further Examining the American Dream: Differential Correlates of Intrinsic and Extrinsic Goals. ,,,,NA,,,Item,When I don't know something I don't at all mind admitting it.,0,0,multiple choice,factor analysis,ordinal,NA,NA,NA,true/false,,,,,
 Further Examining the American Dream: Differential Correlates of Intrinsic and Extrinsic Goals. ,,,,NA,,,Item,"I am always courteous, even to people who are disagreeable.",1,0,multiple choice,factor analysis,ordinal,NA,NA,NA,true/false,,,,,
 Further Examining the American Dream: Differential Correlates of Intrinsic and Extrinsic Goals. ,,,,NA,,,Item,At times I have really insisted on having things my own way.,1,0,multiple choice,factor analysis,ordinal,NA,NA,NA,true/false,,,,,
 Further Examining the American Dream: Differential Correlates of Intrinsic and Extrinsic Goals. ,,,,NA,,,Item,There have been occasions when I felt like smashing things.,1,0,multiple choice,factor analysis,ordinal,NA,NA,NA,true/false,,,,,
 Further Examining the American Dream: Differential Correlates of Intrinsic and Extrinsic Goals. ,,,,NA,,,Item,I would never think of letting someone else be punished for my wrong-doings.,1,0,multiple choice,factor analysis,ordinal,NA,NA,NA,true/false,,,,,
 Further Examining the American Dream: Differential Correlates of Intrinsic and Extrinsic Goals. ,,,,NA,,,Item,I never resent being asked to return a favor.,0,0,multiple choice,factor analysis,ordinal,NA,NA,NA,true/false,,,,,
 Further Examining the American Dream: Differential Correlates of Intrinsic and Extrinsic Goals. ,,,,NA,,,Item,I have never been irked when people expressed ideas very different from my own.,1,0,multiple choice,factor analysis,ordinal,NA,NA,NA,true/false,,,,,
 Further Examining the American Dream: Differential Correlates of Intrinsic and Extrinsic Goals. ,,,,NA,,,Item,I never make a long trip without checking the safety of my car.,1,0,multiple choice,factor analysis,ordinal,NA,NA,NA,true/false,,,,,
 Further Examining the American Dream: Differential Correlates of Intrinsic and Extrinsic Goals. ,,,,NA,,,Item,There have been times when I was quite jealous of the good fortune of others.,0,0,multiple choice,factor analysis,ordinal,NA,NA,NA,true/false,,,,,
 Further Examining the American Dream: Differential Correlates of Intrinsic and Extrinsic Goals. ,,,,NA,,,Item,I have almost never felt the urge to tell someone off.,1,0,multiple choice,factor analysis,ordinal,NA,NA,NA,true/false,,,,,
 Further Examining the American Dream: Differential Correlates of Intrinsic and Extrinsic Goals. ,,,,NA,,,Item,I am sometimes irritated by people who ask favors of me.,0,0,multiple choice,factor analysis,ordinal,NA,NA,NA,true/false,,,,,
 Further Examining the American Dream: Differential Correlates of Intrinsic and Extrinsic Goals. ,,,,NA,,,Item,I have never felt that I was punished without cause.,1,0,multiple choice,factor analysis,ordinal,NA,NA,NA,true/false,,,,,
 Further Examining the American Dream: Differential Correlates of Intrinsic and Extrinsic Goals. ,,,,NA,,,Item,I sometimes think when people have a misfortune they only got what they deserved.,0,0,multiple choice,factor analysis,ordinal,NA,NA,NA,true/false,,,,,
 Further Examining the American Dream: Differential Correlates of Intrinsic and Extrinsic Goals. ,,,,NA,,,Item,I have never deliberately said something that hurt someone's feelings.,1,0,multiple choice,factor analysis,ordinal,NA,NA,NA,true/false,,,,,
,,,,,,,,,,,,,,,,,,,,,,
 Further Examining the American Dream: Differential Correlates of Intrinsic and Extrinsic Goals. ,Daily positive and negative moods and physical symptoms,NA,1,Daily Checklist,NA,NA,Scale,,NA,0,scaled text,factor analysis,text,currently,NA,1-7.,NA,paper,2x a day for 14 days,"Pennebaker, J. W. (1982). The psychology of physical symptoms. New York: Springer-Verlag.",not sure what to put for the text part since its a diary entry,
,,,,,,,,,,,,,,,,,,,,,,
 Further Examining the American Dream: Differential Correlates of Intrinsic and Extrinsic Goals. ,"""[the HSCL is] representative of the symptom configurations commonly observed among outpatients.""",NA,1,Hopkins Symptom Checklist (HSCL),NA,"Anxiety, somatization, obsessive-compulsive, interpersonal sensitivity, depression",Scale,,,,,,,,,,,paper,only once,"Derogatis, L. R., Lipman, R. S., Rickels, K., Uhlenhuth, E. H., & Covi, L. (1974). The hopkins symptom checklist (HSCL): A self-report symptom inventory. Behavioral Science, 19(1), 1. Retrieved from https://ezaccess.libraries.psu.edu/login?url=https://www.proquest.com/scholarly-journals/hopkins-symptom-checklist-hscl-self-report/docview/1301273362/se-2",,
 Further Examining the American Dream: Differential Correlates of Intrinsic and Extrinsic Goals. ,,,,Anxiety ,Hopkins Symptom Checklist,NA,,,,,,,,,,,,,,,,
 Further Examining the American Dream: Differential Correlates of Intrinsic and Extrinsic Goals. ,,,,somatization,Hopkins Symptom Checklist,NA,,,,,,,,,,,,,,,,
 Further Examining the American Dream: Differential Correlates of Intrinsic and Extrinsic Goals. ,,,,obsessive-compulsive,Hopkins Symptom Checklist,NA,,,,,,,,,,,,,,,,
 Further Examining the American Dream: Differential Correlates of Intrinsic and Extrinsic Goals. ,,,,interpersonal sensitivity,Hopkins Symptom Checklist,NA,,,,,,,,,,,,,,,,
 Further Examining the American Dream: Differential Correlates of Intrinsic and Extrinsic Goals. ,,,,depression,Hopkins Symptom Checklist,NA,,,,,,,,,,,,,,,,
 Further Examining the American Dream: Differential Correlates of Intrinsic and Extrinsic Goals. ,,,,NA,,,item,headaches,0,0,multiple choice,factor analysis,ordinal,in the past seven days,How have you felt __?,1-9.,NA,,,,,
 Further Examining the American Dream: Differential Correlates of Intrinsic and Extrinsic Goals. ,,,,NA,,,item,nervousness or shakiness inside,0,0,multiple choice,factor analysis,ordinal,in the past seven days,How have you felt __?,1-9.,NA,,,,,
 Further Examining the American Dream: Differential Correlates of Intrinsic and Extrinsic Goals. ,,,,NA,,,item,being unable to get rid of bad thoughts or ideas,0,0,multiple choice,factor analysis,ordinal,in the past seven days,How have you felt __?,1-9.,NA,,,,,
 Further Examining the American Dream: Differential Correlates of Intrinsic and Extrinsic Goals. ,,,,NA,,,item,faintness or dizziness,0,0,multiple choice,factor analysis,ordinal,in the past seven days,How have you felt __?,1-9.,NA,,,,,
 Further Examining the American Dream: Differential Correlates of Intrinsic and Extrinsic Goals. ,,,,NA,,,item,loss of sexual interest or pleasure,0,0,multiple choice,factor analysis,ordinal,in the past seven days,How have you felt __?,1-9.,NA,,,,,
 Further Examining the American Dream: Differential Correlates of Intrinsic and Extrinsic Goals. ,,,,NA,,,item,feeling critical of others,0,0,multiple choice,factor analysis,ordinal,in the past seven days,How have you felt __?,1-9.,NA,,,,,
 Further Examining the American Dream: Differential Correlates of Intrinsic and Extrinsic Goals. ,,,,NA,,,item,bad dreams,0,0,multiple choice,factor analysis,ordinal,in the past seven days,How have you felt __?,1-9.,NA,,,,,
 Further Examining the American Dream: Differential Correlates of Intrinsic and Extrinsic Goals. ,,,,NA,,,item,difficulty in speaking when you are excited,0,0,multiple choice,factor analysis,ordinal,in the past seven days,How have you felt __?,1-9.,NA,,,,,
 Further Examining the American Dream: Differential Correlates of Intrinsic and Extrinsic Goals. ,,,,NA,,,item,trouble remembering things,0,0,multiple choice,factor analysis,ordinal,in the past seven days,How have you felt __?,1-9.,NA,,,,,
 Further Examining the American Dream: Differential Correlates of Intrinsic and Extrinsic Goals. ,,,,NA,,,item,worried about sloppiness or carelessness,0,0,multiple choice,factor analysis,ordinal,in the past seven days,How have you felt __?,1-9.,NA,,,,,
 Further Examining the American Dream: Differential Correlates of Intrinsic and Extrinsic Goals. ,,,,NA,,,item,feeling easily annoyed or irritated,0,0,multiple choice,factor analysis,ordinal,in the past seven days,How have you felt __?,1-9.,NA,,,,,
 Further Examining the American Dream: Differential Correlates of Intrinsic and Extrinsic Goals. ,,,,NA,,,item,pains in the heart or chest,0,0,multiple choice,factor analysis,ordinal,in the past seven days,How have you felt __?,1-9.,NA,,,,,
 Further Examining the American Dream: Differential Correlates of Intrinsic and Extrinsic Goals. ,,,,NA,,,item,itching,0,0,multiple choice,factor analysis,ordinal,in the past seven days,How have you felt __?,1-9.,NA,,,,,
 Further Examining the American Dream: Differential Correlates of Intrinsic and Extrinsic Goals. ,,,,NA,,,item,feeling low in energy or slowed down,0,0,multiple choice,factor analysis,ordinal,in the past seven days,How have you felt __?,1-9.,NA,,,,,
 Further Examining the American Dream: Differential Correlates of Intrinsic and Extrinsic Goals. ,,,,NA,,,item,thoughts of ending your life,0,0,multiple choice,factor analysis,ordinal,in the past seven days,How have you felt __?,1-9.,NA,,,,,
 Further Examining the American Dream: Differential Correlates of Intrinsic and Extrinsic Goals. ,,,,NA,,,item,sweating,0,0,multiple choice,factor analysis,ordinal,in the past seven days,How have you felt __?,1-9.,NA,,,,,
 Further Examining the American Dream: Differential Correlates of Intrinsic and Extrinsic Goals. ,,,,NA,,,item,trembling,0,0,multiple choice,factor analysis,ordinal,in the past seven days,How have you felt __?,1-9.,NA,,,,,
 Further Examining the American Dream: Differential Correlates of Intrinsic and Extrinsic Goals. ,,,,NA,,,item,feeling confused,0,0,multiple choice,factor analysis,ordinal,in the past seven days,How have you felt __?,1-9.,NA,,,,,
 Further Examining the American Dream: Differential Correlates of Intrinsic and Extrinsic Goals. ,,,,NA,,,item,poor appetite,0,0,multiple choice,factor analysis,ordinal,in the past seven days,How have you felt __?,1-9.,NA,,,,,
 Further Examining the American Dream: Differential Correlates of Intrinsic and Extrinsic Goals. ,,,,NA,,,item,crying easily,0,0,multiple choice,factor analysis,ordinal,in the past seven days,How have you felt __?,1-9.,NA,,,,,
 Further Examining the American Dream: Differential Correlates of Intrinsic and Extrinsic Goals. ,,,,NA,,,item,feekling shy or uneasy with the opposite sex,0,0,multiple choice,factor analysis,ordinal,in the past seven days,How have you felt __?,1-9.,NA,,,,,
 Further Examining the American Dream: Differential Correlates of Intrinsic and Extrinsic Goals. ,,,,NA,,,item,a feeling of being trapped or caught,0,0,multiple choice,factor analysis,ordinal,in the past seven days,How have you felt __?,1-9.,NA,,,,,
 Further Examining the American Dream: Differential Correlates of Intrinsic and Extrinsic Goals. ,,,,NA,,,item,suddenly scared for no reason,0,0,multiple choice,factor analysis,ordinal,in the past seven days,How have you felt __?,1-9.,NA,,,,,
 Further Examining the American Dream: Differential Correlates of Intrinsic and Extrinsic Goals. ,,,,NA,,,item,temper outbursts you could not control,0,0,multiple choice,factor analysis,ordinal,in the past seven days,How have you felt __?,1-9.,NA,,,,,
 Further Examining the American Dream: Differential Correlates of Intrinsic and Extrinsic Goals. ,,,,NA,,,item,constipation,0,0,multiple choice,factor analysis,ordinal,in the past seven days,How have you felt __?,1-9.,NA,,,,,
 Further Examining the American Dream: Differential Correlates of Intrinsic and Extrinsic Goals. ,,,,NA,,,item,blaming yourself for things,0,0,multiple choice,factor analysis,ordinal,in the past seven days,How have you felt __?,1-9.,NA,,,,,
 Further Examining the American Dream: Differential Correlates of Intrinsic and Extrinsic Goals. ,,,,NA,,,item,pains in the lower part of your back,0,0,multiple choice,factor analysis,ordinal,in the past seven days,How have you felt __?,1-9.,NA,,,,,
 Further Examining the American Dream: Differential Correlates of Intrinsic and Extrinsic Goals. ,,,,NA,,,item,feeling blocked or stymied in getting things done,0,0,multiple choice,factor analysis,ordinal,in the past seven days,How have you felt __?,1-9.,NA,,,,,
 Further Examining the American Dream: Differential Correlates of Intrinsic and Extrinsic Goals. ,,,,NA,,,item,feeling lonely,0,0,multiple choice,factor analysis,ordinal,in the past seven days,How have you felt __?,1-9.,NA,,,,,
 Further Examining the American Dream: Differential Correlates of Intrinsic and Extrinsic Goals. ,,,,NA,,,item,feeling blue,0,0,multiple choice,factor analysis,ordinal,in the past seven days,How have you felt __?,1-9.,NA,,,,,
 Further Examining the American Dream: Differential Correlates of Intrinsic and Extrinsic Goals. ,,,,NA,,,item,worrying or stewing about things,0,0,multiple choice,factor analysis,ordinal,in the past seven days,How have you felt __?,1-9.,NA,,,,,
 Further Examining the American Dream: Differential Correlates of Intrinsic and Extrinsic Goals. ,,,,NA,,,item,feeling no interest in things,0,0,multiple choice,factor analysis,ordinal,in the past seven days,How have you felt __?,1-9.,NA,,,,,
 Further Examining the American Dream: Differential Correlates of Intrinsic and Extrinsic Goals. ,,,,NA,,,item,feeling fearful,0,0,multiple choice,factor analysis,ordinal,in the past seven days,How have you felt __?,1-9.,NA,,,,,
 Further Examining the American Dream: Differential Correlates of Intrinsic and Extrinsic Goals. ,,,,NA,,,item,your feelings being easily hurt,0,0,multiple choice,factor analysis,ordinal,in the past seven days,How have you felt __?,1-9.,NA,,,,,
 Further Examining the American Dream: Differential Correlates of Intrinsic and Extrinsic Goals. ,,,,NA,,,item,having to ask others what you should do,0,0,multiple choice,factor analysis,ordinal,in the past seven days,How have you felt __?,1-9.,NA,,,,,
 Further Examining the American Dream: Differential Correlates of Intrinsic and Extrinsic Goals. ,,,,NA,,,item,feeling others do not understand you or are unsympathethic,0,0,multiple choice,factor analysis,ordinal,in the past seven days,How have you felt __?,1-9.,NA,,,,,
 Further Examining the American Dream: Differential Correlates of Intrinsic and Extrinsic Goals. ,,,,NA,,,item,feeling that people are unfriendly or dislike you,0,0,multiple choice,factor analysis,ordinal,in the past seven days,How have you felt __?,1-9.,NA,,,,,
 Further Examining the American Dream: Differential Correlates of Intrinsic and Extrinsic Goals. ,,,,NA,,,item,having to do things very slowly in order to be sure you are doing them right,0,0,multiple choice,factor analysis,ordinal,in the past seven days,How have you felt __?,1-9.,NA,,,,,
 Further Examining the American Dream: Differential Correlates of Intrinsic and Extrinsic Goals. ,,,,NA,,,item,heart pounding or racing,0,0,multiple choice,factor analysis,ordinal,in the past seven days,How have you felt __?,1-9.,NA,,,,,
 Further Examining the American Dream: Differential Correlates of Intrinsic and Extrinsic Goals. ,,,,NA,,,item,nausea or upset stomach,0,0,multiple choice,factor analysis,ordinal,in the past seven days,How have you felt __?,1-9.,NA,,,,,
 Further Examining the American Dream: Differential Correlates of Intrinsic and Extrinsic Goals. ,,,,NA,,,item,feeling inferior to others,0,0,multiple choice,factor analysis,ordinal,in the past seven days,How have you felt __?,1-9.,NA,,,,,
 Further Examining the American Dream: Differential Correlates of Intrinsic and Extrinsic Goals. ,,,,NA,,,item,soreness of your muscles,0,0,multiple choice,factor analysis,ordinal,in the past seven days,How have you felt __?,1-9.,NA,,,,,
 Further Examining the American Dream: Differential Correlates of Intrinsic and Extrinsic Goals. ,,,,NA,,,item,loose bowel movements,0,0,multiple choice,factor analysis,ordinal,in the past seven days,How have you felt __?,1-9.,NA,,,,,
 Further Examining the American Dream: Differential Correlates of Intrinsic and Extrinsic Goals. ,,,,NA,,,item,difficulty in falling asleep or staying asleep,0,0,multiple choice,factor analysis,ordinal,in the past seven days,How have you felt __?,1-9.,NA,,,,,
 Further Examining the American Dream: Differential Correlates of Intrinsic and Extrinsic Goals. ,,,,NA,,,item,having to check and double check what you do,0,0,multiple choice,factor analysis,ordinal,in the past seven days,How have you felt __?,1-9.,NA,,,,,
 Further Examining the American Dream: Differential Correlates of Intrinsic and Extrinsic Goals. ,,,,NA,,,item,difficulty making decisions,0,0,multiple choice,factor analysis,ordinal,in the past seven days,How have you felt __?,1-9.,NA,,,,,
 Further Examining the American Dream: Differential Correlates of Intrinsic and Extrinsic Goals. ,,,,NA,,,item,wanting to be alone,0,0,multiple choice,factor analysis,ordinal,in the past seven days,How have you felt __?,1-9.,NA,,,,,
 Further Examining the American Dream: Differential Correlates of Intrinsic and Extrinsic Goals. ,,,,NA,,,item,trouble getting your breath,0,0,multiple choice,factor analysis,ordinal,in the past seven days,How have you felt __?,1-9.,NA,,,,,
 Further Examining the American Dream: Differential Correlates of Intrinsic and Extrinsic Goals. ,,,,NA,,,item,hot or cold spells,0,0,multiple choice,factor analysis,ordinal,in the past seven days,How have you felt __?,1-9.,NA,,,,,
 Further Examining the American Dream: Differential Correlates of Intrinsic and Extrinsic Goals. ,,,,NA,,,item,having to avoid certain places or activities because they frighten you,0,0,multiple choice,factor analysis,ordinal,in the past seven days,How have you felt __?,1-9.,NA,,,,,
 Further Examining the American Dream: Differential Correlates of Intrinsic and Extrinsic Goals. ,,,,NA,,,item,your mind going blank,0,0,multiple choice,factor analysis,ordinal,in the past seven days,How have you felt __?,1-9.,NA,,,,,
 Further Examining the American Dream: Differential Correlates of Intrinsic and Extrinsic Goals. ,,,,NA,,,item,numbness or tingling in parts of your body,0,0,multiple choice,factor analysis,ordinal,in the past seven days,How have you felt __?,1-9.,NA,,,,,
 Further Examining the American Dream: Differential Correlates of Intrinsic and Extrinsic Goals. ,,,,NA,,,item,a lump in your throat,0,0,multiple choice,factor analysis,ordinal,in the past seven days,How have you felt __?,1-9.,NA,,,,,
 Further Examining the American Dream: Differential Correlates of Intrinsic and Extrinsic Goals. ,,,,NA,,,item,feeling hopeless about the future,0,0,multiple choice,factor analysis,ordinal,in the past seven days,How have you felt __?,1-9.,NA,,,,,
 Further Examining the American Dream: Differential Correlates of Intrinsic and Extrinsic Goals. ,,,,NA,,,item,trouble concentrating,0,0,multiple choice,factor analysis,ordinal,in the past seven days,How have you felt __?,1-9.,NA,,,,,
 Further Examining the American Dream: Differential Correlates of Intrinsic and Extrinsic Goals. ,,,,NA,,,item,weakness in parts of your body,0,0,multiple choice,factor analysis,ordinal,in the past seven days,How have you felt __?,1-9.,NA,,,,,
 Further Examining the American Dream: Differential Correlates of Intrinsic and Extrinsic Goals. ,,,,NA,,,item,feeling tense of keyed up,0,0,multiple choice,factor analysis,ordinal,in the past seven days,How have you felt __?,1-9.,NA,,,,,
 Further Examining the American Dream: Differential Correlates of Intrinsic and Extrinsic Goals. ,,,,NA,,,item,heavy feelings in your arms or legs,0,0,multiple choice,factor analysis,ordinal,in the past seven days,How have you felt __?,1-9.,NA,,,,,
,,,,,,,,,,,,,,,,,,,,,,
"Support, Mutual Aid and Recovery from Dual Diagnosis",The amount of social support that individuals in substance recovery have while going through recovery.,NA,0,Social Support Scale,NA,NA,Scale,,,,,,,,,,,Spoken,3 times over unidentified period of time,"Laudet, A.B., Magura, S., Vogel, H.S. et al. Support, Mutual Aid and Recovery from Dual Diagnosis. Community Ment Health J 36, 457–476 (2000). https://doi.org/10.1023/A:1001982829359",,
"Support, Mutual Aid and Recovery from Dual Diagnosis",,,,NA,,,Item,The people in my life are no help at all,NA,0,,factor analysis,nominal,NA,NA,,,,,,,
"Support, Mutual Aid and Recovery from Dual Diagnosis",,,,NA,,,,"I'm on my own in my recovery, I don't get any support",NA,0,,factor analysis,nominal,NA,NA,,,,,,,
"Support, Mutual Aid and Recovery from Dual Diagnosis",,,,NA,,,,The people in my life go out of their way to show me support,NA,0,,factor analysis,nominal,NA,NA,,,,,,,
"Support, Mutual Aid and Recovery from Dual Diagnosis",,,,NA,,,,No one in my life really understands me,NA,0,,factor analysis,nominal,NA,NA,,,,,,,
"Support, Mutual Aid and Recovery from Dual Diagnosis",,,,NA,,,,My friends and relatives don't bother with me much,NA,0,,factor analysis,nominal,NA,NA,,,,,,,
"Support, Mutual Aid and Recovery from Dual Diagnosis",,,,NA,,,,The people in my life understand that I am working on myself,NA,0,,factor analysis,nominal,NA,NA,,,,,,,
"Support, Mutual Aid and Recovery from Dual Diagnosis",,,,NA,,,,Service providers do not understand my recovery goals,NA,0,,factor analysis,nominal,NA,NA,,,,,,,
"Support, Mutual Aid and Recovery from Dual Diagnosis",,,,NA,,,,I get a lot of support from everyone I know,NA,0,,factor analysis,nominal,NA,NA,,,,,,,
"Support, Mutual Aid and Recovery from Dual Diagnosis",,,,NA,,,,Other DTR members are encouraging me in my recovery efforts,NA,0,,factor analysis,nominal,NA,NA,,,,,,,
"Support, Mutual Aid and Recovery from Dual Diagnosis",,,,NA,,,,Service providers are encouraging/supporting me,NA,0,,factor analysis,nominal,NA,NA,,,,,,,
"Support, Mutual Aid and Recovery from Dual Diagnosis",,,,NA,,,,Members at fellowships other than DTR are encouraging/supporting me,NA,0,,factor analysis,nominal,NA,NA,,,,,,,
"Support, Mutual Aid and Recovery from Dual Diagnosis",,,,NA,,,,My roommates/housemates are encouraging/supporting me,NA,0,,factor analysis,nominal,NA,NA,,,,,,,
"Support, Mutual Aid and Recovery from Dual Diagnosis",,,,NA,,,,My friends are encouraging/supporting me,NA,0,,factor analysis,nominal,NA,NA,,,,,,,
"Support, Mutual Aid and Recovery from Dual Diagnosis",,,,NA,,,,My relatives are encouraging/supporting me,NA,0,,factor analysis,nominal,NA,NA,,,,,,,
,,,,,,,,,,,,,,,,,,,,,,
"Support, Mutual Aid and Recovery from Dual Diagnosis",If the individual is in a realtionship.,NA,0,Steady Partner Support,,,,"Are you currently in a steady relationship and if so with whom? (If more than one steady partner, answer about the one with whom you spend the most time).",NA,0,multiple choice,factor analysis,categorical,Are you currently _,NA,NA,Legal spouse/common law-marriage; steady male partner; steady female partner; no steady partner,Spoken,3 times over unidentified period of time,"Laudet, A.B., Magura, S., Vogel, H.S. et al. Support, Mutual Aid and Recovery from Dual Diagnosis. Community Ment Health J 36, 457–476 (2000). https://doi.org/10.1023/A:1001982829359",,
,,,,,,,,,,,,,,,,,,,,,,
"Support, Mutual Aid and Recovery from Dual Diagnosis","""the affirmation of life in a relationship with God, self, community, and environment that nurtures and celebrates wholeness.""",NA,1,Spiritual Well-Being Scale,NA,"religious well-being, exisential well-being",Scale,,,,,,,,,,,spoken,3 times over unidentified period of time,"Ellison, C. W. (1983). Spiritual Well-Being: Conceptualization and Measurement. Journal of Psychology and Theology, 11(4), 330-338. https://doi.org/10.1177/009164718301100406 (Original work published 1983)",,
"Support, Mutual Aid and Recovery from Dual Diagnosis",,,,Religious Well-Being,Spiritual Well-Being Scale,NA,,,,,,,,,,,,,,,,
"Support, Mutual Aid and Recovery from Dual Diagnosis",,,,Exisitential Well-Being,Spiritual Well-Being Scale,NA,,,,,,,,,,,,,,,,
"Support, Mutual Aid and Recovery from Dual Diagnosis",,,,NA,,,Item,I don't find much satification in private prayer with God.,1,,multiple choice,factor analysis,ordinal,NA,NA,1-4.,"1 = strongly disagree, 2 = disagree, 3 = agree, 4 = strongly agree",,,,,
"Support, Mutual Aid and Recovery from Dual Diagnosis",,,,NA,,,Item,"I don't know who I am, where I came from, or where I'm going.",1,,multiple choice,factor analysis,ordinal,NA,NA,1-4.,"2 = strongly disagree, 2 = disagree, 3 = agree, 4 = strongly agree",,,,,
"Support, Mutual Aid and Recovery from Dual Diagnosis",,,,NA,,,Item,I believe that God loves me and cares about me.,0,,multiple choice,factor analysis,ordinal,NA,NA,1-4.,"3 = strongly disagree, 2 = disagree, 3 = agree, 4 = strongly agree",,,,,
"Support, Mutual Aid and Recovery from Dual Diagnosis",,,,NA,,,Item,I feel that life is a positive experience.,0,,multiple choice,factor analysis,ordinal,NA,NA,1-4.,"4 = strongly disagree, 2 = disagree, 3 = agree, 4 = strongly agree",,,,,
"Support, Mutual Aid and Recovery from Dual Diagnosis",,,,NA,,,Item,I believe that God is impersonal and not interested in my daily situations.,1,,multiple choice,factor analysis,ordinal,NA,NA,1-4.,"5 = strongly disagree, 2 = disagree, 3 = agree, 4 = strongly agree",,,,,
"Support, Mutual Aid and Recovery from Dual Diagnosis",,,,NA,,,Item,I feel unsettled about my future.,1,,multiple choice,factor analysis,ordinal,NA,NA,1-4.,"6 = strongly disagree, 2 = disagree, 3 = agree, 4 = strongly agree",,,,,
"Support, Mutual Aid and Recovery from Dual Diagnosis",,,,NA,,,Item,I have a personally meaningful relationship with God.,0,,multiple choice,factor analysis,ordinal,NA,NA,1-4.,"7 = strongly disagree, 2 = disagree, 3 = agree, 4 = strongly agree",,,,,
"Support, Mutual Aid and Recovery from Dual Diagnosis",,,,NA,,,Item,I feel very fulfilled and satisfied with life.,0,,multiple choice,factor analysis,ordinal,NA,NA,1-4.,"8 = strongly disagree, 2 = disagree, 3 = agree, 4 = strongly agree",,,,,
"Support, Mutual Aid and Recovery from Dual Diagnosis",,,,NA,,,Item,I don't get much personal strength and support from my God.,1,,multiple choice,factor analysis,ordinal,NA,NA,1-4.,"9 = strongly disagree, 2 = disagree, 3 = agree, 4 = strongly agree",,,,,
"Support, Mutual Aid and Recovery from Dual Diagnosis",,,,NA,,,Item,I feel a sense of well-being about the direction my life is headed in.,0,,multiple choice,factor analysis,ordinal,NA,NA,1-4.,"10 = strongly disagree, 2 = disagree, 3 = agree, 4 = strongly agree",,,,,
"Support, Mutual Aid and Recovery from Dual Diagnosis",,,,NA,,,Item,I believe that God is concerned about my problems.,0,,multiple choice,factor analysis,ordinal,NA,NA,1-4.,"11 = strongly disagree, 2 = disagree, 3 = agree, 4 = strongly agree",,,,,
"Support, Mutual Aid and Recovery from Dual Diagnosis",,,,NA,,,Item,I don't enjoy much about life.,1,,multiple choice,factor analysis,ordinal,NA,NA,1-4.,"12 = strongly disagree, 2 = disagree, 3 = agree, 4 = strongly agree",,,,,
"Support, Mutual Aid and Recovery from Dual Diagnosis",,,,NA,,,Item,I don't have a personally satisfying relationship with God.,1,,multiple choice,factor analysis,ordinal,NA,NA,1-4.,"13 = strongly disagree, 2 = disagree, 3 = agree, 4 = strongly agree",,,,,
"Support, Mutual Aid and Recovery from Dual Diagnosis",,,,NA,,,Item,I feel good about my future.,0,,multiple choice,factor analysis,ordinal,NA,NA,1-4.,"14 = strongly disagree, 2 = disagree, 3 = agree, 4 = strongly agree",,,,,
"Support, Mutual Aid and Recovery from Dual Diagnosis",,,,NA,,,Item,My relationship with God helps me not to feel lonely.,0,,multiple choice,factor analysis,ordinal,NA,NA,1-4.,"15 = strongly disagree, 2 = disagree, 3 = agree, 4 = strongly agree",,,,,
"Support, Mutual Aid and Recovery from Dual Diagnosis",,,,NA,,,Item,I feel that life is full of conflict and unhappiness.,1,,multiple choice,factor analysis,ordinal,NA,NA,1-4.,"16 = strongly disagree, 2 = disagree, 3 = agree, 4 = strongly agree",,,,,
"Support, Mutual Aid and Recovery from Dual Diagnosis",,,,NA,,,Item,I feel most fulfilled when I'm in close communion with God.,0,,multiple choice,factor analysis,ordinal,NA,NA,1-4.,"17 = strongly disagree, 2 = disagree, 3 = agree, 4 = strongly agree",,,,,
"Support, Mutual Aid and Recovery from Dual Diagnosis",,,,NA,,,Item,Life doesn't have much meaning.,1,,multiple choice,factor analysis,ordinal,NA,NA,1-4.,"18 = strongly disagree, 2 = disagree, 3 = agree, 4 = strongly agree",,,,,
"Support, Mutual Aid and Recovery from Dual Diagnosis",,,,NA,,,Item,My relation with God contributes to my sense of well-being.,0,,multiple choice,factor analysis,ordinal,NA,NA,1-4.,"19 = strongly disagree, 2 = disagree, 3 = agree, 4 = strongly agree",,,,,
"Support, Mutual Aid and Recovery from Dual Diagnosis",,,,NA,,,Item,I believe there is some real purpose for my life.,0,,multiple choice,factor analysis,ordinal,NA,NA,1-4.,"20 = strongly disagree, 2 = disagree, 3 = agree, 4 = strongly agree",,,,,
,,,,,,,,,,,,,,,,,,,,,,
"Support, Mutual Aid and Recovery from Dual Diagnosis",Attendance in DTR meetings,NA,0,DTR participation,NA,NA,Scale,,,,,,,,,,,Spoken,3 times over unidentified period of time,"Laudet, A.B., Magura, S., Vogel, H.S. et al. Support, Mutual Aid and Recovery from Dual Diagnosis. Community Ment Health J 36, 457–476 (2000). https://doi.org/10.1023/A:1001982829359",,
"Support, Mutual Aid and Recovery from Dual Diagnosis",,,,NA,,,Item,When did you first attend A DTR meeting?,NA,0,multiple choice,factor analysis,categorical,NA,NA,NA,one to three months ago; 4-6 months ago; 7 months to 1 year ago; 1 to 2 years ago; 2 to 3 years ago; 3 to 5 years ago; over five years ago,,,,,
"Support, Mutual Aid and Recovery from Dual Diagnosis",,,,NA,,,Item,How often are you currently attending DTR?,NA,0,multiple choice,factor analysis,categorical,NA,NA,NA,"Less than once a month, once a month, every other week, 2-5 times a week, 6-7 times a week",,,,,
,,,,,,,,,,,,,,,,,,,,,,
"Support, Mutual Aid and Recovery from Dual Diagnosis",Attendance in 12 step programs other than DTR,NA,0,Attendance at a 12-step fellowship other than DTR?,NA,NA,Scale,,,,,,,,,,,Spoken,3 times over unidentified period of time,"Laudet, A.B., Magura, S., Vogel, H.S. et al. Support, Mutual Aid and Recovery from Dual Diagnosis. Community Ment Health J 36, 457–476 (2000). https://doi.org/10.1023/A:1001982829359",,
"Support, Mutual Aid and Recovery from Dual Diagnosis",,,,NA,,,Item,"Do you regularly attend meetings at a fellowship or self-help group (such as AA, NA) other than DTR?",NA,0,multiple select,factor analysis,categorical,NA,NA,NA,"Alcoholics Anonymous, Narcotics Anonymous, Cocaine Anonymous, Al-Anon, Sex Anonymous, Emotions Anonymous, Codependence Anonymous, Gamblers Anonymous, Overeaters Anonymous, Recoveries Anonymous, Other Anonymouse (specify)",,,,,
"Support, Mutual Aid and Recovery from Dual Diagnosis",,,,NA,,,Item,How often do you usually share at meetings?,NA,0,multiple choice,factor analysis,categorical,NA,NA,NA,"Never, rarely, sometimes, often, always",,,,,
"Support, Mutual Aid and Recovery from Dual Diagnosis",,,,NA,,,Item,Do you have a sponsor at (each fellowship attended).,NA,0,multiple choice,factor analysis,nominal,NA,NA,NA,Yes/no,,,,,
,,,,,,,,,,,,,,,,,,,,,,
"Support, Mutual Aid and Recovery from Dual Diagnosis",mental health symptoms of the past year.,NA,0,Mental Health,NA,NA,Scale,,,,,,,,,,,Spoken,3 times over unidentified period of time,"Laudet, A.B., Magura, S., Vogel, H.S. et al. Support, Mutual Aid and Recovery from Dual Diagnosis. Community Ment Health J 36, 457–476 (2000). https://doi.org/10.1023/A:1001982829359",,
"Support, Mutual Aid and Recovery from Dual Diagnosis",,,,NA,,,Item,"In the past year, have you felt nervous?",NA,0,multiple choice,factor analysis,Ordinal,In the past year __,Have you felt __?,"1-5 (1: not at all, 2: somewhat, 3: moderately, 4: very)",NA,,,,,
"Support, Mutual Aid and Recovery from Dual Diagnosis",,,,NA,,,,"In the past year, have you felt tense?",NA,0,multiple choice,factor analysis,Ordinal,In the past year __,Have you felt __?,"1-5 (1: not at all, 2: somewhat, 3: moderately, 4: very)",NA,,,,,
"Support, Mutual Aid and Recovery from Dual Diagnosis",,,,NA,,,,"In the past year, have you felt worried, frustrated or afriad?",NA,0,multiple choice,factor analysis,Ordinal,In the past year __,Have you felt __?,"1-5 (1: not at all, 2: somewhat, 3: moderately, 4: very)",NA,,,,,
"Support, Mutual Aid and Recovery from Dual Diagnosis",,,,NA,,,,"In the past year, have you heard voices?",NA,0,multiple choice,factor analysis,Ordinal,In the past year __,Have you felt __?,"1-5 (1: not at all, 2: somewhat, 3: moderately, 4: very)",NA,,,,,
"Support, Mutual Aid and Recovery from Dual Diagnosis",,,,NA,,,,"In the past year, have you heard or saw things that other people don't think are there?",NA,0,multiple choice,factor analysis,Ordinal,In the past year __,Have you felt __?,"1-5 (1: not at all, 2: somewhat, 3: moderately, 4: very)",NA,,,,,
"Support, Mutual Aid and Recovery from Dual Diagnosis",,,,NA,,,,"In the past year, have you felt like seriously hurting someone else?",NA,0,multiple choice,factor analysis,Ordinal,In the past year __,Have you felt __?,"1-5 (1: not at all, 2: somewhat, 3: moderately, 4: very)",NA,,,,,
"Support, Mutual Aid and Recovery from Dual Diagnosis",,,,NA,,,,"Overall, how troubled, have you been by mental health or emotional problems in the past month (30 days)?",NA,0,multiple choice,factor analysis,Ordinal,NA,Have you felt __?,"1-5 (1: not at all, 2: somewhat, 3: moderately, 4: very)",NA,,,,,
,,,,,,,,,,,,,,,,,,,,,,
"Support, Mutual Aid and Recovery from Dual Diagnosis",Which drugs and how many times they were used in the last 30 days.,NA,0,substance use,NA,NA,Scale,,,,,,,,,,,Spoken,3 times over unidentified period of time,"Laudet, A.B., Magura, S., Vogel, H.S. et al. Support, Mutual Aid and Recovery from Dual Diagnosis. Community Ment Health J 36, 457–476 (2000). https://doi.org/10.1023/A:1001982829359",,
"Support, Mutual Aid and Recovery from Dual Diagnosis",,,,NA,,,Item,"In the past year, did you use (name of drug)?",NA,0,multiple choice,factor analysis,nominal,In the past year __,Did you use __?,NA,yes/no,,,,,
"Support, Mutual Aid and Recovery from Dual Diagnosis",,,,NA,,,Item,"[For drugs used past year] In the last 30 days, how many times did you use (name of drug)?",NA,0,multiple choice,factor analysis,nominal,In the last 30 days__,Did you use __?,answering with a number of how many times drug was used,NA,,,,,
,,,,,,,,,,,,,,,,,,,,,,
"Support, Mutual Aid and Recovery from Dual Diagnosis",How satisfied and content a person feels with various aspects of daily life.,NA,1,Quality of Life Enjoyment and Satisfaction Questionnaire (long form),NA,"Physical Health, Feelings (Personal Feelings of Well-Being), Work, Household Duties, School/Course Work, Leisure Time Activities, Social Relations, General Activities",Scale,,,,,,,,,,,Spoken,3 times over unidentified period of time,"Endicott J, Nee J, Harrison W, Blumenthal R. Quality of Life Enjoyment and Satisfaction Questionnaire: a new measure. Psychopharmacol Bull. 1993;29(2):321-6. PMID: 8290681.",,
"Support, Mutual Aid and Recovery from Dual Diagnosis",,,,Physical Health,Quality of Life Enjoyment and Satisfaction Questionnaire (long form),NA,,,,,,,,,,,,,,,,
"Support, Mutual Aid and Recovery from Dual Diagnosis",,,,Feelings,Quality of Life Enjoyment and Satisfaction Questionnaire (long form),NA,,,,,,,,,,,,,,,,
"Support, Mutual Aid and Recovery from Dual Diagnosis",,,,Work,Quality of Life Enjoyment and Satisfaction Questionnaire (long form),NA,,,,,,,,,,,,,,,,
"Support, Mutual Aid and Recovery from Dual Diagnosis",,,,Household Duties,Quality of Life Enjoyment and Satisfaction Questionnaire (long form),NA,,,,,,,,,,,,,,,,
"Support, Mutual Aid and Recovery from Dual Diagnosis",,,,School/Course Work,Quality of Life Enjoyment and Satisfaction Questionnaire (long form),NA,,,,,,,,,,,,,,,,
"Support, Mutual Aid and Recovery from Dual Diagnosis",,,,Leisure Time Activities,Quality of Life Enjoyment and Satisfaction Questionnaire (long form),NA,,,,,,,,,,,,,,,,
"Support, Mutual Aid and Recovery from Dual Diagnosis",,,,Social Relations,Quality of Life Enjoyment and Satisfaction Questionnaire (long form),NA,,,,,,,,,,,,,,,,
"Support, Mutual Aid and Recovery from Dual Diagnosis",,,,General Activities,Quality of Life Enjoyment and Satisfaction Questionnaire (long form),NA,,,,,,,,,,,,,,,,
"Support, Mutual Aid and Recovery from Dual Diagnosis",,,,NA,,,Item,"been completely free of aches, pains or discomfort?",0,0,multiple choice,factor analysis,ordinal,During the past week__,"With regard to your physical health, during the past week, how much of the time have you __",1-5.,"1 = not at all or never, 2 = rarely, 3 = sometimes, 4 = often or most of the time, 5 = frequently or all of the time",,,,,
"Support, Mutual Aid and Recovery from Dual Diagnosis",,,,NA,,,Item,felt rested?,0,0,multiple choice,factor analysis,ordinal,During the past week__,"With regard to your physical health, during the past week, how much of the time have you __",1-5.,"1 = not at all or never, 2 = rarely, 3 = sometimes, 4 = often or most of the time, 5 = frequently or all of the time",,,,,
"Support, Mutual Aid and Recovery from Dual Diagnosis",,,,NA,,,Item,felt energetic?,0,0,multiple choice,factor analysis,ordinal,During the past week__,"With regard to your physical health, during the past week, how much of the time have you __",1-5.,"1. = not at all or never, 2 = rarely, 3 = sometimes, 4 = often or most of the time, 5 = frequently or all of the time",,,,,
"Support, Mutual Aid and Recovery from Dual Diagnosis",,,,NA,,,Item,felt in excellent physical health?,0,0,multiple choice,factor analysis,ordinal,During the past week__,"With regard to your physical health, during the past week, how much of the time have you __",1-5.,"1. = not at all or never, 2 = rarely, 3 = sometimes, 4 = often or most of the time, 5 = frequently or all of the time",,,,,
"Support, Mutual Aid and Recovery from Dual Diagnosis",,,,NA,,,Item,felt in at least very good physical health?,0,0,multiple choice,factor analysis,ordinal,During the past week__,"With regard to your physical health, during the past week, how much of the time have you __",1-5.,"1. = not at all or never, 2 = rarely, 3 = sometimes, 4 = often or most of the time, 5 = frequently or all of the time",,,,,
"Support, Mutual Aid and Recovery from Dual Diagnosis",,,,NA,,,Item,been free of worry about your physical health?,0,0,multiple choice,factor analysis,ordinal,During the past week__,"With regard to your physical health, during the past week, how much of the time have you __",1-5.,"1. = not at all or never, 2 = rarely, 3 = sometimes, 4 = often or most of the time, 5 = frequently or all of the time",,,,,
"Support, Mutual Aid and Recovery from Dual Diagnosis",,,,NA,,,Item,felt you got enough sleep?,0,0,multiple choice,factor analysis,ordinal,During the past week__,"With regard to your physical health, during the past week, how much of the time have you __",1-5.,"1. = not at all or never, 2 = rarely, 3 = sometimes, 4 = often or most of the time, 5 = frequently or all of the time",,,,,
"Support, Mutual Aid and Recovery from Dual Diagnosis",,,,NA,,,Item,felt able to be as physically active as needed?,0,0,multiple choice,factor analysis,ordinal,During the past week__,"With regard to your physical health, during the past week, how much of the time have you __",1-5.,"1. = not at all or never, 2 = rarely, 3 = sometimes, 4 = often or most of the time, 5 = frequently or all of the time",,,,,
"Support, Mutual Aid and Recovery from Dual Diagnosis",,,,NA,,,Item,felt well coordinated?,0,0,multiple choice,factor analysis,ordinal,During the past week__,"With regard to your physical health, during the past week, how much of the time have you __",1-5.,"1. = not at all or never, 2 = rarely, 3 = sometimes, 4 = often or most of the time, 5 = frequently or all of the time",,,,,
"Support, Mutual Aid and Recovery from Dual Diagnosis",,,,NA,,,Item,felt your memory was functioning well?,0,0,multiple choice,factor analysis,ordinal,During the past week__,"With regard to your physical health, during the past week, how much of the time have you __",1-5.,"1. = not at all or never, 2 = rarely, 3 = sometimes, 4 = often or most of the time, 5 = frequently or all of the time",,,,,
"Support, Mutual Aid and Recovery from Dual Diagnosis",,,,NA,,,Item,felt good physically?,0,0,multiple choice,factor analysis,ordinal,During the past week__,"With regard to your physical health, during the past week, how much of the time have you __",1-5.,"1. = not at all or never, 2 = rarely, 3 = sometimes, 4 = often or most of the time, 5 = frequently or all of the time",,,,,
"Support, Mutual Aid and Recovery from Dual Diagnosis",,,,NA,,,Item,felt full of pep and vitality?,0,0,multiple choice,factor analysis,ordinal,During the past week__,"With regard to your physical health, during the past week, how much of the time have you __",1-5.,"1. = not at all or never, 2 = rarely, 3 = sometimes, 4 = often or most of the time, 5 = frequently or all of the time",,,,,
"Support, Mutual Aid and Recovery from Dual Diagnosis",,,,NA,,,Item,been free of visual problems?,0,0,multiple choice,factor analysis,ordinal,During the past week__,"With regard to your physical health, during the past week, how much of the time have you __",1-5.,"1. = not at all or never, 2 = rarely, 3 = sometimes, 4 = often or most of the time, 5 = frequently or all of the time",,,,,
"Support, Mutual Aid and Recovery from Dual Diagnosis",,,,NA,,,Item,felt clearheaded?,0,0,multiple choice,factor analysis,ordinal,During the past week__,how much of the time have you __,1-5.,"1. = not at all or never, 2 = rarely, 3 = sometimes, 4 = often or most of the time, 5 = frequently or all of the time",,,,,
"Support, Mutual Aid and Recovery from Dual Diagnosis",,,,NA,,,Item,felt satisfied with your life?,0,0,multiple choice,factor analysis,ordinal,During the past week__,how much of the time have you __,1-5.,"1. = not at all or never, 2 = rarely, 3 = sometimes, 4 = often or most of the time, 5 = frequently or all of the time",,,,,
"Support, Mutual Aid and Recovery from Dual Diagnosis",,,,NA,,,Item,felt good about your appearance?,0,0,multiple choice,factor analysis,ordinal,During the past week__,how much of the time have you __,1-5.,"1. = not at all or never, 2 = rarely, 3 = sometimes, 4 = often or most of the time, 5 = frequently or all of the time",,,,,
"Support, Mutual Aid and Recovery from Dual Diagnosis",,,,NA,,,Item,felt happy or cheerful?,0,0,multiple choice,factor analysis,ordinal,During the past week__,how much of the time have you __,1-5.,"1. = not at all or never, 2 = rarely, 3 = sometimes, 4 = often or most of the time, 5 = frequently or all of the time",,,,,
"Support, Mutual Aid and Recovery from Dual Diagnosis",,,,NA,,,Item,felt independent?,0,0,multiple choice,factor analysis,ordinal,During the past week__,how much of the time have you __,1-5.,"1. = not at all or never, 2 = rarely, 3 = sometimes, 4 = often or most of the time, 5 = frequently or all of the time",,,,,
"Support, Mutual Aid and Recovery from Dual Diagnosis",,,,NA,,,Item,felt content?,0,0,multiple choice,factor analysis,ordinal,During the past week__,how much of the time have you __,1-5.,"1. = not at all or never, 2 = rarely, 3 = sometimes, 4 = often or most of the time, 5 = frequently or all of the time",,,,,
"Support, Mutual Aid and Recovery from Dual Diagnosis",,,,NA,,,Item,felt able to communicate with others?,0,0,multiple choice,factor analysis,ordinal,During the past week__,how much of the time have you __,1-5.,"1. = not at all or never, 2 = rarely, 3 = sometimes, 4 = often or most of the time, 5 = frequently or all of the time",,,,,
"Support, Mutual Aid and Recovery from Dual Diagnosis",,,,NA,,,Item,"felt interested in taking care of your appearance (hair, clothing) and personal hygiene (bathing, dressing)?",0,0,multiple choice,factor analysis,ordinal,During the past week__,how much of the time have you __,1-5.,"1. = not at all or never, 2 = rarely, 3 = sometimes, 4 = often or most of the time, 5 = frequently or all of the time",,,,,
"Support, Mutual Aid and Recovery from Dual Diagnosis",,,,NA,,,Item,felt able to make decisions?,0,0,multiple choice,factor analysis,ordinal,During the past week__,how much of the time have you __,1-5.,"1. = not at all or never, 2 = rarely, 3 = sometimes, 4 = often or most of the time, 5 = frequently or all of the time",,,,,
"Support, Mutual Aid and Recovery from Dual Diagnosis",,,,NA,,,Item,felt relaxed?,0,0,multiple choice,factor analysis,ordinal,During the past week__,how much of the time have you __,1-5.,"1. = not at all or never, 2 = rarely, 3 = sometimes, 4 = often or most of the time, 5 = frequently or all of the time",,,,,
"Support, Mutual Aid and Recovery from Dual Diagnosis",,,,NA,,,Item,felt good about your life?,0,0,multiple choice,factor analysis,ordinal,During the past week__,how much of the time have you __,1-5.,"1. = not at all or never, 2 = rarely, 3 = sometimes, 4 = often or most of the time, 5 = frequently or all of the time",,,,,
"Support, Mutual Aid and Recovery from Dual Diagnosis",,,,NA,,,Item,"felt able to travel about to get things done when needed (walk, use car, bus, train, or whatever is available as needed)?",0,0,multiple choice,factor analysis,ordinal,During the past week__,how much of the time have you __,1-5.,"1. = not at all or never, 2 = rarely, 3 = sometimes, 4 = often or most of the time, 5 = frequently or all of the time",,,,,
"Support, Mutual Aid and Recovery from Dual Diagnosis",,,,NA,,,Item,felt able to deal with life's problems?,0,0,multiple choice,factor analysis,ordinal,During the past week__,how much of the time have you __,1-5.,"1. = not at all or never, 2 = rarely, 3 = sometimes, 4 = often or most of the time, 5 = frequently or all of the time",,,,,
"Support, Mutual Aid and Recovery from Dual Diagnosis",,,,NA,,,Item,felt able to take care of yourself?,0,0,multiple choice,factor analysis,ordinal,During the past week__,how much of the time have you __,1-5.,"1. = not at all or never, 2 = rarely, 3 = sometimes, 4 = often or most of the time, 5 = frequently or all of the time",,,,,
"Support, Mutual Aid and Recovery from Dual Diagnosis",,,,NA,,,Item,enjoyed your work?,0,0,multiple choice,factor analysis,ordinal,During the past week__,how often have you__,1-5.,"1. = not at all or never, 2 = rarely, 3 = sometimes, 4 = often or most of the time, 5 = frequently or all of the time",,,,,
"Support, Mutual Aid and Recovery from Dual Diagnosis",,,,NA,,,Item,solved work problems or dealth with them without undue stress?,0,0,multiple choice,factor analysis,ordinal,During the past week__,how often have you__,1-5.,"1. = not at all or never, 2 = rarely, 3 = sometimes, 4 = often or most of the time, 5 = frequently or all of the time",,,,,
"Support, Mutual Aid and Recovery from Dual Diagnosis",,,,NA,,,Item,thought clearly about work?,0,0,multiple choice,factor analysis,ordinal,During the past week__,how often have you__,1-5.,"1. = not at all or never, 2 = rarely, 3 = sometimes, 4 = often or most of the time, 5 = frequently or all of the time",,,,,
"Support, Mutual Aid and Recovery from Dual Diagnosis",,,,NA,,,Item,"been decisive about work, or made decisions when needed?",0,0,multiple choice,factor analysis,ordinal,During the past week__,how often have you__,1-5.,"1. = not at all or never, 2 = rarely, 3 = sometimes, 4 = often or most of the time, 5 = frequently or all of the time",,,,,
"Support, Mutual Aid and Recovery from Dual Diagnosis",,,,NA,,,Item,accomplished what you wanted to do?,0,0,multiple choice,factor analysis,ordinal,During the past week__,how often have you__,1-5.,"1. = not at all or never, 2 = rarely, 3 = sometimes, 4 = often or most of the time, 5 = frequently or all of the time",,,,,
"Support, Mutual Aid and Recovery from Dual Diagnosis",,,,NA,,,Item,been pleased with your work accomplishments?,0,0,multiple choice,factor analysis,ordinal,During the past week__,how often have you__,1-5.,"1. = not at all or never, 2 = rarely, 3 = sometimes, 4 = often or most of the time, 5 = frequently or all of the time",,,,,
"Support, Mutual Aid and Recovery from Dual Diagnosis",,,,NA,,,Item,worked well?,0,0,multiple choice,factor analysis,ordinal,During the past week__,how often have you__,1-5.,"1. = not at all or never, 2 = rarely, 3 = sometimes, 4 = often or most of the time, 5 = frequently or all of the time",,,,,
"Support, Mutual Aid and Recovery from Dual Diagnosis",,,,NA,,,Item,been interested in you work?,0,0,multiple choice,factor analysis,ordinal,During the past week__,how often have you__,1-5.,"1. = not at all or never, 2 = rarely, 3 = sometimes, 4 = often or most of the time, 5 = frequently or all of the time",,,,,
"Support, Mutual Aid and Recovery from Dual Diagnosis",,,,NA,,,Item,concentrated on your work?,0,0,multiple choice,factor analysis,ordinal,During the past week__,how often have you__,1-5.,"1. = not at all or never, 2 = rarely, 3 = sometimes, 4 = often or most of the time, 5 = frequently or all of the time",,,,,
"Support, Mutual Aid and Recovery from Dual Diagnosis",,,,NA,,,Item,worked carefully?,0,0,multiple choice,factor analysis,ordinal,During the past week__,how often have you__,1-5.,"1. = not at all or never, 2 = rarely, 3 = sometimes, 4 = often or most of the time, 5 = frequently or all of the time",,,,,
"Support, Mutual Aid and Recovery from Dual Diagnosis",,,,NA,,,Item,kept up with expected work?,0,0,multiple choice,factor analysis,ordinal,During the past week__,how often have you__,1-5.,"1. = not at all or never, 2 = rarely, 3 = sometimes, 4 = often or most of the time, 5 = frequently or all of the time",,,,,
"Support, Mutual Aid and Recovery from Dual Diagnosis",,,,NA,,,Item,taken care of work by yourself when it was necessary?,0,0,multiple choice,factor analysis,ordinal,During the past week__,how often have you__,1-5.,"1. = not at all or never, 2 = rarely, 3 = sometimes, 4 = often or most of the time, 5 = frequently or all of the time",,,,,
"Support, Mutual Aid and Recovery from Dual Diagnosis",,,,NA,,,Item,communicated and interacted with ease with others while working?,0,0,multiple choice,factor analysis,ordinal,During the past week__,how often have you__,1-5.,"1. = not at all or never, 2 = rarely, 3 = sometimes, 4 = often or most of the time, 5 = frequently or all of the time",,,,,
"Support, Mutual Aid and Recovery from Dual Diagnosis",,,,NA,,,Item,kept your room/apartment/house cleaned to your satisfaction?,0,0,multiple choice,factor analysis,ordinal,During the past week__,how often have you__,1-5.,"1. = not at all or never, 2 = rarely, 3 = sometimes, 4 = often or most of the time, 5 = frequently or all of the time",,,,,
"Support, Mutual Aid and Recovery from Dual Diagnosis",,,,NA,,,Item,"paid the bills, done the banking to your satisfaction?",0,0,multiple choice,factor analysis,ordinal,During the past week__,how often have you__,1-5.,"1. = not at all or never, 2 = rarely, 3 = sometimes, 4 = often or most of the time, 5 = frequently or all of the time",,,,,
"Support, Mutual Aid and Recovery from Dual Diagnosis",,,,NA,,,Item,shopped for food or other household items to your satisfaction?,0,0,multiple choice,factor analysis,ordinal,During the past week__,how often have you__,1-5.,"1. = not at all or never, 2 = rarely, 3 = sometimes, 4 = often or most of the time, 5 = frequently or all of the time",,,,,
"Support, Mutual Aid and Recovery from Dual Diagnosis",,,,NA,,,Item,taken care of the laundry/cleaning to your satisfaction?,0,0,multiple choice,factor analysis,ordinal,During the past week__,how often have you__,1-5.,"1. = not at all or never, 2 = rarely, 3 = sometimes, 4 = often or most of the time, 5 = frequently or all of the time",,,,,
"Support, Mutual Aid and Recovery from Dual Diagnosis",,,,NA,,,Item,had a feeling of accomplishment with regard to household activities?,0,0,multiple choice,factor analysis,ordinal,During the past week__,how often have you__,1-5.,"1. = not at all or never, 2 = rarely, 3 = sometimes, 4 = often or most of the time, 5 = frequently or all of the time",,,,,
"Support, Mutual Aid and Recovery from Dual Diagnosis",,,,NA,,,Item,concentrated and thought clearly about what household activities needed to be done?,0,0,multiple choice,factor analysis,ordinal,During the past week__,how often have you__,1-5.,"1. = not at all or never, 2 = rarely, 3 = sometimes, 4 = often or most of the time, 5 = frequently or all of the time",,,,,
"Support, Mutual Aid and Recovery from Dual Diagnosis",,,,NA,,,Item,solved household problems or dealt with them without undue stress?,0,0,multiple choice,factor analysis,ordinal,During the past week__,how often have you__,1-5.,"1. = not at all or never, 2 = rarely, 3 = sometimes, 4 = often or most of the time, 5 = frequently or all of the time",,,,,
"Support, Mutual Aid and Recovery from Dual Diagnosis",,,,NA,,,Item,been decisive or made decisions when needed with regard to household activities?,0,0,multiple choice,factor analysis,ordinal,During the past week__,how often have you__,1-5.,"1. = not at all or never, 2 = rarely, 3 = sometimes, 4 = often or most of the time, 5 = frequently or all of the time",,,,,
"Support, Mutual Aid and Recovery from Dual Diagnosis",,,,NA,,,Item,made repairs or take care of household maintenance as needed?,0,0,multiple choice,factor analysis,ordinal,During the past week__,how often have you__,1-5.,"1. = not at all or never, 2 = rarely, 3 = sometimes, 4 = often or most of the time, 5 = frequently or all of the time",,,,,
"Support, Mutual Aid and Recovery from Dual Diagnosis",,,,NA,,,Item,enjoyed the course/class work?,0,0,multiple choice,factor analysis,ordinal,During the past week__,how much of the time have you__,1-5.,"1. = not at all or never, 2 = rarely, 3 = sometimes, 4 = often or most of the time, 5 = frequently or all of the time",,,,,
"Support, Mutual Aid and Recovery from Dual Diagnosis",,,,NA,,,Item,looked forward to getting to work on the course/class work?,0,0,multiple choice,factor analysis,ordinal,During the past week__,how much of the time have you__,1-5.,"1. = not at all or never, 2 = rarely, 3 = sometimes, 4 = often or most of the time, 5 = frequently or all of the time",,,,,
"Support, Mutual Aid and Recovery from Dual Diagnosis",,,,NA,,,Item,dealt with the course/class work without undue stress?,0,0,multiple choice,factor analysis,ordinal,During the past week__,how much of the time have you__,1-5.,"1. = not at all or never, 2 = rarely, 3 = sometimes, 4 = often or most of the time, 5 = frequently or all of the time",,,,,
"Support, Mutual Aid and Recovery from Dual Diagnosis",,,,NA,,,Item,thought clearly about the course/class work?,0,0,multiple choice,factor analysis,ordinal,During the past week__,how much of the time have you__,1-5.,"1. = not at all or never, 2 = rarely, 3 = sometimes, 4 = often or most of the time, 5 = frequently or all of the time",,,,,
"Support, Mutual Aid and Recovery from Dual Diagnosis",,,,NA,,,Item,been decisive about the course/class work when needed?,0,0,multiple choice,factor analysis,ordinal,During the past week__,how much of the time have you__,1-5.,"1. = not at all or never, 2 = rarely, 3 = sometimes, 4 = often or most of the time, 5 = frequently or all of the time",,,,,
"Support, Mutual Aid and Recovery from Dual Diagnosis",,,,NA,,,Item,been pleased with your course/class work accomplishments?,0,0,multiple choice,factor analysis,ordinal,During the past week__,how much of the time have you__,1-5.,"1. = not at all or never, 2 = rarely, 3 = sometimes, 4 = often or most of the time, 5 = frequently or all of the time",,,,,
"Support, Mutual Aid and Recovery from Dual Diagnosis",,,,NA,,,Item,been interested in your course/class work?,0,0,multiple choice,factor analysis,ordinal,During the past week__,how much of the time have you__,1-5.,"1. = not at all or never, 2 = rarely, 3 = sometimes, 4 = often or most of the time, 5 = frequently or all of the time",,,,,
"Support, Mutual Aid and Recovery from Dual Diagnosis",,,,NA,,,Item,concentrated on the course/class work?,0,0,multiple choice,factor analysis,ordinal,During the past week__,how much of the time have you__,1-5.,"1. = not at all or never, 2 = rarely, 3 = sometimes, 4 = often or most of the time, 5 = frequently or all of the time",,,,,
"Support, Mutual Aid and Recovery from Dual Diagnosis",,,,NA,,,Item,felt good while doing your course/class work?,0,0,multiple choice,factor analysis,ordinal,During the past week__,how much of the time have you__,1-5.,"1. = not at all or never, 2 = rarely, 3 = sometimes, 4 = often or most of the time, 5 = frequently or all of the time",,,,,
"Support, Mutual Aid and Recovery from Dual Diagnosis",,,,NA,,,Item,communicated and interacted with ease with others at your course/class?,0,0,multiple choice,factor analysis,ordinal,During the past week__,how much of the time have you__,1-5.,"1. = not at all or never, 2 = rarely, 3 = sometimes, 4 = often or most of the time, 5 = frequently or all of the time",,,,,
"Support, Mutual Aid and Recovery from Dual Diagnosis",,,,NA,,,Item,"When you had time, how often did you use that time for a leisure time activity?",0,0,multiple choice,factor analysis,ordinal,NA,NA,1-5.,"1. = not at all or never, 2 = rarely, 3 = sometimes, 4 = often or most of the time, 5 = frequently or all of the time",,,,,
"Support, Mutual Aid and Recovery from Dual Diagnosis",,,,NA,,,Item,How often did you enjoy the leisure activities?,0,0,multiple choice,factor analysis,ordinal,NA,NA,1-5.,"1. = not at all or never, 2 = rarely, 3 = sometimes, 4 = often or most of the time, 5 = frequently or all of the time",,,,,
"Support, Mutual Aid and Recovery from Dual Diagnosis",,,,NA,,,Item,How often did you look forward to the leisure activities before spending time at them?,0,0,multiple choice,factor analysis,ordinal,NA,NA,1-5.,"1. = not at all or never, 2 = rarely, 3 = sometimes, 4 = often or most of the time, 5 = frequently or all of the time",,,,,
"Support, Mutual Aid and Recovery from Dual Diagnosis",,,,NA,,,Item,How often did you concentrate on the leisure activities and pay attention to them?,0,0,multiple choice,factor analysis,ordinal,NA,NA,1-5.,"1. = not at all or never, 2 = rarely, 3 = sometimes, 4 = often or most of the time, 5 = frequently or all of the time",,,,,
"Support, Mutual Aid and Recovery from Dual Diagnosis",,,,NA,,,Item,"If a problem arose in your leisure activities, how often did you solve it or deal with it without undue stress?",0,0,multiple choice,factor analysis,ordinal,NA,NA,1-5.,"1. = not at all or never, 2 = rarely, 3 = sometimes, 4 = often or most of the time, 5 = frequently or all of the time",,,,,
"Support, Mutual Aid and Recovery from Dual Diagnosis",,,,NA,,,Item,How often did the leisure activities sustain your interest?,0,0,multiple choice,factor analysis,ordinal,NA,NA,1-5.,"1. = not at all or never, 2 = rarely, 3 = sometimes, 4 = often or most of the time, 5 = frequently or all of the time",,,,,
"Support, Mutual Aid and Recovery from Dual Diagnosis",,,,NA,,,Item,enjoyed talking with or being with friends or relatives?,0,0,multiple choice,factor analysis,ordinal,During the past week__,how much of the time have you__,1-5.,"1. = not at all or never, 2 = rarely, 3 = sometimes, 4 = often or most of the time, 5 = frequently or all of the time",,,,,
"Support, Mutual Aid and Recovery from Dual Diagnosis",,,,NA,,,Item,looked forward to getting together with friends or relatives?,0,0,multiple choice,factor analysis,ordinal,During the past week__,how much of the time have you__,1-5.,"1. = not at all or never, 2 = rarely, 3 = sometimes, 4 = often or most of the time, 5 = frequently or all of the time",,,,,
"Support, Mutual Aid and Recovery from Dual Diagnosis",,,,NA,,,Item,made social plans with friends or relatives for future activities?,0,0,multiple choice,factor analysis,ordinal,During the past week__,how much of the time have you__,1-5.,"1. = not at all or never, 2 = rarely, 3 = sometimes, 4 = often or most of the time, 5 = frequently or all of the time",,,,,
"Support, Mutual Aid and Recovery from Dual Diagnosis",,,,NA,,,Item,enjoyed talking with coworkers or neighbors?,0,0,multiple choice,factor analysis,ordinal,During the past week__,how much of the time have you__,1-5.,"1. = not at all or never, 2 = rarely, 3 = sometimes, 4 = often or most of the time, 5 = frequently or all of the time",,,,,
"Support, Mutual Aid and Recovery from Dual Diagnosis",,,,NA,,,Item,been patient with others when others were irritating in their actions or words?,0,0,multiple choice,factor analysis,ordinal,During the past week__,how much of the time have you__,1-5.,"1. = not at all or never, 2 = rarely, 3 = sometimes, 4 = often or most of the time, 5 = frequently or all of the time",,,,,
"Support, Mutual Aid and Recovery from Dual Diagnosis",,,,NA,,,Item,been interested in the problems of other people?,0,0,multiple choice,factor analysis,ordinal,During the past week__,how much of the time have you__,1-5.,"1. = not at all or never, 2 = rarely, 3 = sometimes, 4 = often or most of the time, 5 = frequently or all of the time",,,,,
"Support, Mutual Aid and Recovery from Dual Diagnosis",,,,NA,,,Item,felt affection toward one or more people?,0,0,multiple choice,factor analysis,ordinal,During the past week__,how much of the time have you__,1-5.,"1. = not at all or never, 2 = rarely, 3 = sometimes, 4 = often or most of the time, 5 = frequently or all of the time",,,,,
"Support, Mutual Aid and Recovery from Dual Diagnosis",,,,NA,,,Item,gotten along well with other people?,0,0,multiple choice,factor analysis,ordinal,During the past week__,how much of the time have you__,1-5.,"1. = not at all or never, 2 = rarely, 3 = sometimes, 4 = often or most of the time, 5 = frequently or all of the time",,,,,
"Support, Mutual Aid and Recovery from Dual Diagnosis",,,,NA,,,Item,joked or laughed with other people?,0,0,multiple choice,factor analysis,ordinal,During the past week__,how much of the time have you__,1-5.,"1. = not at all or never, 2 = rarely, 3 = sometimes, 4 = often or most of the time, 5 = frequently or all of the time",,,,,
"Support, Mutual Aid and Recovery from Dual Diagnosis",,,,NA,,,Item,felt you met the needs of friends or relatives?,0,0,multiple choice,factor analysis,ordinal,During the past week__,how much of the time have you__,1-5.,"1. = not at all or never, 2 = rarely, 3 = sometimes, 4 = often or most of the time, 5 = frequently or all of the time",,,,,
"Support, Mutual Aid and Recovery from Dual Diagnosis",,,,NA,,,Item,felt your relationships with your friends or relatives were without major problems or conflicts?,0,0,multiple choice,factor analysis,ordinal,During the past week__,how much of the time have you__,1-5.,"1. = not at all or never, 2 = rarely, 3 = sometimes, 4 = often or most of the time, 5 = frequently or all of the time",,,,,
"Support, Mutual Aid and Recovery from Dual Diagnosis",,,,NA,,,Item,physical health?,0,0,multiple choice,factor analysis,ordinal,During the past week__,how satisfied have you been with your___,1-5.,"1. = very poor, 2 = poor, 3 = fair, 4 = good, 5 = very good",,,,,
"Support, Mutual Aid and Recovery from Dual Diagnosis",,,,NA,,,Item,mood?,0,0,multiple choice,factor analysis,ordinal,During the past week__,how satisfied have you been with your___,1-5.,"1. = very poor, 2 = poor, 3 = fair, 4 = good, 5 = very good",,,,,
"Support, Mutual Aid and Recovery from Dual Diagnosis",,,,NA,,,Item,work?,0,0,multiple choice,factor analysis,ordinal,During the past week__,how satisfied have you been with your___,1-5.,"1. = very poor, 2 = poor, 3 = fair, 4 = good, 5 = very good",,,,,
"Support, Mutual Aid and Recovery from Dual Diagnosis",,,,NA,,,Item,household activities?,0,0,multiple choice,factor analysis,ordinal,During the past week__,how satisfied have you been with your___,1-5.,"1. = very poor, 2 = poor, 3 = fair, 4 = good, 5 = very good",,,,,
"Support, Mutual Aid and Recovery from Dual Diagnosis",,,,NA,,,Item,social relationships?,0,0,multiple choice,factor analysis,ordinal,During the past week__,how satisfied have you been with your___,1-5.,"1. = very poor, 2 = poor, 3 = fair, 4 = good, 5 = very good",,,,,
"Support, Mutual Aid and Recovery from Dual Diagnosis",,,,NA,,,Item,family relationships?,0,0,multiple choice,factor analysis,ordinal,During the past week__,how satisfied have you been with your___,1-5.,"1. = very poor, 2 = poor, 3 = fair, 4 = good, 5 = very good",,,,,
"Support, Mutual Aid and Recovery from Dual Diagnosis",,,,NA,,,Item,leisure time activities?,0,0,multiple choice,factor analysis,ordinal,During the past week__,how satisfied have you been with your___,1-5.,"1. = very poor, 2 = poor, 3 = fair, 4 = good, 5 = very good",,,,,
"Support, Mutual Aid and Recovery from Dual Diagnosis",,,,NA,,,Item,ability to function in daily life?,0,0,multiple choice,factor analysis,ordinal,During the past week__,how satisfied have you been with your___,1-5.,"1. = very poor, 2 = poor, 3 = fair, 4 = good, 5 = very good",,,,,
"Support, Mutual Aid and Recovery from Dual Diagnosis",,,,NA,,,Item,"sexual drive, interest and/or performance?",0,0,multiple choice,factor analysis,ordinal,During the past week__,how satisfied have you been with your___,1-5.,"1. = very poor, 2 = poor, 3 = fair, 4 = good, 5 = very good",,,,,
"Support, Mutual Aid and Recovery from Dual Diagnosis",,,,NA,,,Item,economic status?,0,0,multiple choice,factor analysis,ordinal,During the past week__,how satisfied have you been with your___,1-5.,"1. = very poor, 2 = poor, 3 = fair, 4 = good, 5 = very good",,,,,
"Support, Mutual Aid and Recovery from Dual Diagnosis",,,,NA,,,Item,living/housing status?,0,0,multiple choice,factor analysis,ordinal,During the past week__,how satisfied have you been with your___,1-5.,"1. = very poor, 2 = poor, 3 = fair, 4 = good, 5 = very good",,,,,
"Support, Mutual Aid and Recovery from Dual Diagnosis",,,,NA,,,Item,ability to get around physically without feeling dizzy or unsteady or falling?,0,0,multiple choice,factor analysis,ordinal,During the past week__,how satisfied have you been with your___,1-5.,"1. = very poor, 2 = poor, 3 = fair, 4 = good, 5 = very good",,,,,
"Support, Mutual Aid and Recovery from Dual Diagnosis",,,,NA,,,Item,your vision in terms of ability to do work or hobbies?,0,0,multiple choice,factor analysis,ordinal,During the past week__,how satisfied have you been with your___,1-5.,"1. = very poor, 2 = poor, 3 = fair, 4 = good, 5 = very good",,,,,
"Support, Mutual Aid and Recovery from Dual Diagnosis",,,,NA,,,Item,overall sense of well-being?,0,0,multiple choice,factor analysis,ordinal,During the past week__,how satisfied have you been with your___,1-5.,"1. = very poor, 2 = poor, 3 = fair, 4 = good, 5 = very good",,,,,
"Support, Mutual Aid and Recovery from Dual Diagnosis",,,,NA,,,Item,"medication? (if not taking any, check here ___ and leave item blank)",0,0,multiple choice,factor analysis,ordinal,During the past week__,how satisfied have you been with your___,1-5.,"1. = very poor, 2 = poor, 3 = fair, 4 = good, 5 = very good",,,,,
"Support, Mutual Aid and Recovery from Dual Diagnosis",,,,NA,,,Item,How would you rate your overall life satisfaction and contentment during the past week?,0,0,multiple choice,factor analysis,ordinal,During the past week__,NA,1-5.,"1. = very poor, 2 = poor, 3 = fair, 4 = good, 5 = very good",,,,,
,,,,,,,,,,,,,,,,,,,,,,
Recovery community centers: Characteristics of new attendees and longitudinal investigation of the predictors and effects of participation,conceptualizes key personal and treatment-related factors that influence how clients engage with and benefit from substance use treatment.,,1,Client Evaluation of Self and Treatment,NA,NA,Scale,,,,,,,,,,,survey,"twice, baseline and 3 month followup","Institute of Behavioral Research. (2007). TCU Treatment Needs and Motivation (TCU MOTForm). Fort Worth: Texas Christian University, Institute of Behavioral Research. Available at ibr.tcu.edu",,
Recovery community centers: Characteristics of new attendees and longitudinal investigation of the predictors and effects of participation,,,,NA,,,Item,What is your current legal status?,0,0,multiple choice,logistic regression,nominal,NA,NA,NA,"none, on probation only, on parole only, on probation and praole, awaiting charge, trial or sentence, outstanding warrant, case pending, other",,,,,
,,,,,,,,,,,,,,,,,,,,,,
Recovery community centers: Characteristics of new attendees and longitudinal investigation of the predictors and effects of participation,Whether or not patients consider themselves to be in recovery.,,0,Recover,NA,NA,Scale,,,,,,,,,,,survey,"twice, baseline and 3 month followup","Kelly JF, Fallah-Sohy N, Cristello J, Stout RL, Jason LA, Hoeppner BB. Recovery community centers: Characteristics of new attendees and longitudinal investigation of the predictors and effects of participation. J Subst Abuse Treat. 2021 May;124:108287. doi: 10.1016/j.jsat.2021.108287. Epub 2021 Jan 13. PMID: 33771284; PMCID: PMC8004554.",,
Recovery community centers: Characteristics of new attendees and longitudinal investigation of the predictors and effects of participation,,,,NA,,,Item,Would you describe yourself as being in recovery?,NA,0,multiple choice,logistic regression,nominal,NA,NA,NA,yes/no,,,,,
,,,,,,,,,,,,,,,,,,,,,,
Recovery community centers: Characteristics of new attendees and longitudinal investigation of the predictors and effects of participation,Which drugs the participant has taken and which ones are taken regularly.,,0,Substance Use,NA,NA,Scale,,,,,,,,,,,survey,"twice, baseline and 3 month followup","Kelly JF, Fallah-Sohy N, Cristello J, Stout RL, Jason LA, Hoeppner BB. Recovery community centers: Characteristics of new attendees and longitudinal investigation of the predictors and effects of participation. J Subst Abuse Treat. 2021 May;124:108287. doi: 10.1016/j.jsat.2021.108287. Epub 2021 Jan 13. PMID: 33771284; PMCID: PMC8004554.",,
Recovery community centers: Characteristics of new attendees and longitudinal investigation of the predictors and effects of participation,,,,NA,,,Item,Alcohol 10+ times?,NA,0,multiple choice,logistic regression,nominal,In your lifetime __,Have you ever used __,NA,,,,,,
Recovery community centers: Characteristics of new attendees and longitudinal investigation of the predictors and effects of participation,,,,NA,,,Item,Marijuana 10+ times?,NA,0,multiple choice,logistic regression,nominal,In your lifetime __,Have you ever used __,NA,,,,,,
Recovery community centers: Characteristics of new attendees and longitudinal investigation of the predictors and effects of participation,,,,NA,,,Item,Cocaine 10+ times?,NA,0,multiple choice,logistic regression,nominal,In your lifetime __,Have you ever used __,NA,,,,,,
Recovery community centers: Characteristics of new attendees and longitudinal investigation of the predictors and effects of participation,,,,NA,,,Item,Heroin 10+ times?,NA,0,multiple choice,logistic regression,nominal,In your lifetime __,Have you ever used __,NA,yes/no,,,,,
Recovery community centers: Characteristics of new attendees and longitudinal investigation of the predictors and effects of participation,,,,NA,,,Item,Unprescribed methadone 10+ times?,NA,0,multiple choice,logistic regression,nominal,In your lifetime __,Have you ever used __,NA,yes/no,,,,,
Recovery community centers: Characteristics of new attendees and longitudinal investigation of the predictors and effects of participation,,,,NA,,,Item,Unprescribed buprenorphine 10+ times?,NA,0,multiple choice,logistic regression,nominal,In your lifetime __,Have you ever used __,NA,yes/no,,,,,
Recovery community centers: Characteristics of new attendees and longitudinal investigation of the predictors and effects of participation,,,,NA,,,Item,Unrpescribed other opioids 10+ times?,NA,0,multiple choice,logistic regression,nominal,In your lifetime __,Have you ever used __,NA,yes/no,,,,,
Recovery community centers: Characteristics of new attendees and longitudinal investigation of the predictors and effects of participation,,,,NA,,,Item,Hallucinogens 10+ times?,NA,0,multiple choice,logistic regression,nominal,In your lifetime __,Have you ever used __,NA,yes/no,,,,,
Recovery community centers: Characteristics of new attendees and longitudinal investigation of the predictors and effects of participation,,,,NA,,,Item,Synthethic Marijuana 10+ times?,NA,0,multiple choice,logistic regression,nominal,In your lifetime __,Have you ever used __,NA,yes/no,,,,,
Recovery community centers: Characteristics of new attendees and longitudinal investigation of the predictors and effects of participation,,,,NA,,,Item,Amphetamine 10+ times?,NA,0,multiple choice,logistic regression,nominal,In your lifetime __,Have you ever used __,NA,yes/no,,,,,
Recovery community centers: Characteristics of new attendees and longitudinal investigation of the predictors and effects of participation,,,,NA,,,Item,Methamphetamine 10+ times?,NA,0,multiple choice,logistic regression,nominal,In your lifetime __,Have you ever used __,NA,yes/no,,,,,
Recovery community centers: Characteristics of new attendees and longitudinal investigation of the predictors and effects of participation,,,,NA,,,Item,Benzodiazepines 10+ times?,NA,0,multiple choice,logistic regression,nominal,In your lifetime __,Have you ever used __,NA,yes/no,,,,,
Recovery community centers: Characteristics of new attendees and longitudinal investigation of the predictors and effects of participation,,,,NA,,,Item,Barbiturates 10+ times?,NA,0,multiple choice,logistic regression,nominal,In your lifetime __,Have you ever used __,NA,yes/no,,,,,
Recovery community centers: Characteristics of new attendees and longitudinal investigation of the predictors and effects of participation,,,,NA,,,Item,Inhalants 10+ times?,NA,0,multiple choice,logistic regression,nominal,In your lifetime __,Have you ever used __,NA,yes/no,,,,,
Recovery community centers: Characteristics of new attendees and longitudinal investigation of the predictors and effects of participation,,,,NA,,,Item,Steroids 10+ times?,NA,0,multiple choice,logistic regression,nominal,In your lifetime __,Have you ever used __,NA,yes/no,,,,,
Recovery community centers: Characteristics of new attendees and longitudinal investigation of the predictors and effects of participation,,,,NA,,,Item,Tobacco 10+ times?,NA,0,multiple choice,logistic regression,nominal,In your lifetime __,Have you ever used __,NA,yes/no,,,,,
Recovery community centers: Characteristics of new attendees and longitudinal investigation of the predictors and effects of participation,,,,NA,,,Item,Alcohol regularly (at least once per week)?,NA,0,multiple choice,logistic regression,nominal,NA,Do you use __,NA,yes/no,,,,,
Recovery community centers: Characteristics of new attendees and longitudinal investigation of the predictors and effects of participation,,,,NA,,,Item,Marijuana regularly (at least once per week)?,NA,0,multiple choice,logistic regression,nominal,NA,Do you use __,NA,yes/no,,,,,
Recovery community centers: Characteristics of new attendees and longitudinal investigation of the predictors and effects of participation,,,,NA,,,Item,Cocaine regularly (at least once per week)?,NA,0,multiple choice,logistic regression,nominal,NA,Do you use __,NA,yes/no,,,,,
Recovery community centers: Characteristics of new attendees and longitudinal investigation of the predictors and effects of participation,,,,NA,,,Item,Heroin regularly (at least once per week)?,NA,0,multiple choice,logistic regression,nominal,NA,Do you use __,NA,yes/no,,,,,
Recovery community centers: Characteristics of new attendees and longitudinal investigation of the predictors and effects of participation,,,,NA,,,Item,Unprescribed methadone regularly (at least once per week)?,NA,0,multiple choice,logistic regression,nominal,NA,Do you use __,NA,yes/no,,,,,
Recovery community centers: Characteristics of new attendees and longitudinal investigation of the predictors and effects of participation,,,,NA,,,Item,Unprescribed buprenorphine regularly (at least once per week)?,NA,0,multiple choice,logistic regression,nominal,NA,Do you use __,NA,yes/no,,,,,
Recovery community centers: Characteristics of new attendees and longitudinal investigation of the predictors and effects of participation,,,,NA,,,Item,Unrpescribed other opioids regularly (at least once per week)?,NA,0,multiple choice,logistic regression,nominal,NA,Do you use __,NA,yes/no,,,,,
Recovery community centers: Characteristics of new attendees and longitudinal investigation of the predictors and effects of participation,,,,NA,,,Item,Hallucinogens regularly (at least once per week)?,NA,0,multiple choice,logistic regression,nominal,NA,Do you use __,NA,yes/no,,,,,
Recovery community centers: Characteristics of new attendees and longitudinal investigation of the predictors and effects of participation,,,,NA,,,Item,Synthethic Marijuana regularly (at least once per week)?,NA,0,multiple choice,logistic regression,nominal,NA,Do you use __,NA,yes/no,,,,,
Recovery community centers: Characteristics of new attendees and longitudinal investigation of the predictors and effects of participation,,,,NA,,,Item,Amphetamine regularly (at least once per week)?,NA,0,multiple choice,logistic regression,nominal,NA,Do you use __,NA,yes/no,,,,,
Recovery community centers: Characteristics of new attendees and longitudinal investigation of the predictors and effects of participation,,,,NA,,,Item,Methamphetamine regularly (at least once per week)?,NA,0,multiple choice,logistic regression,nominal,NA,Do you use __,NA,yes/no,,,,,
Recovery community centers: Characteristics of new attendees and longitudinal investigation of the predictors and effects of participation,,,,NA,,,Item,Benzodiazepines regularly (at least once per week)?,NA,0,multiple choice,logistic regression,nominal,NA,Do you use __,NA,yes/no,,,,,
Recovery community centers: Characteristics of new attendees and longitudinal investigation of the predictors and effects of participation,,,,NA,,,Item,Barbiturates regularly (at least once per week)?,NA,0,multiple choice,logistic regression,nominal,NA,Do you use __,NA,yes/no,,,,,
Recovery community centers: Characteristics of new attendees and longitudinal investigation of the predictors and effects of participation,,,,NA,,,Item,Inhalants regularly (at least once per week)?,NA,0,multiple choice,logistic regression,nominal,NA,Do you use __,NA,yes/no,,,,,
Recovery community centers: Characteristics of new attendees and longitudinal investigation of the predictors and effects of participation,,,,NA,,,Item,Steroids regularly (at least once per week)?,NA,0,multiple choice,logistic regression,nominal,NA,Do you use __,NA,yes/no,,,,,
Recovery community centers: Characteristics of new attendees and longitudinal investigation of the predictors and effects of participation,,,,NA,,,Item,Tobacco regularly (at least once per week)?,NA,0,multiple choice,logistic regression,nominal,NA,Do you use __,NA,yes/no,,,,,
Recovery community centers: Characteristics of new attendees and longitudinal investigation of the predictors and effects of participation,,,,NA,,,Item,"Of the substances that you have used, which was the primary substance that you used?",NA,0,free text,logistic regression,nominal,NA,NA,NA,answer could be any drug name,,,,,
,,,,,,,,,,,,,,,,,,,,,,
Recovery community centers: Characteristics of new attendees and longitudinal investigation of the predictors and effects of participation,The mental health diagnoses of research participants,,0,Mental Health,NA,NA,Scale,,,,,,,,,,,survey,"twice, baseline and 3 month followup","Kelly JF, Fallah-Sohy N, Cristello J, Stout RL, Jason LA, Hoeppner BB. Recovery community centers: Characteristics of new attendees and longitudinal investigation of the predictors and effects of participation. J Subst Abuse Treat. 2021 May;124:108287. doi: 10.1016/j.jsat.2021.108287. Epub 2021 Jan 13. PMID: 33771284; PMCID: PMC8004554.",,
Recovery community centers: Characteristics of new attendees and longitudinal investigation of the predictors and effects of participation,,,,,,,Item,"Has a doctor, nurse, or counselor ever told you that you have a mental or psychological condition?",NA,0,multiple choice,logistic regression,nominal,NA,NA,NA,yes/no,,,,,
Recovery community centers: Characteristics of new attendees and longitudinal investigation of the predictors and effects of participation,,,,,,,Item,"If yes to the previous question, select which mental or psychological conditions.",NA,0,multiple choice,logistic regression,nominal,NA,NA,NA,"Bipolar I or II, Dysthymic Disorder, Major Depressive Disorder, Agoraphobia, Generalized Anxiety Disorder, Obsessive-Compulsive Disorder, Panic Disorder, Post-Traumatic Stress Disorder, Social Anxiety Disorder, Specific Phobia, Anorexia Nervosa, Bulimia Nervosa, Delusional Disorder, Personality Disorder, Schizoaffective Disorder, Schizophrenia",,,,,
Recovery community centers: Characteristics of new attendees and longitudinal investigation of the predictors and effects of participation,,,,,,,Item,Have you ever been treated in an emergency room for mental health problems in your lifetime?,NA,0,multiple choice,logistic regression,ordinal,NA,NA,# of times,NA,,,,,
,,,,,,,,,,,,,,,,,,,,,,
Recovery community centers: Characteristics of new attendees and longitudinal investigation of the predictors and effects of participation,What kinds of recovery services have been used by research participant.,,0,Utilization of addiction and recovery services,NA,NA,scale,,,,,,,,,,,survey,"twice, baseline and 3 month followup","Kelly JF, Fallah-Sohy N, Cristello J, Stout RL, Jason LA, Hoeppner BB. Recovery community centers: Characteristics of new attendees and longitudinal investigation of the predictors and effects of participation. J Subst Abuse Treat. 2021 May;124:108287. doi: 10.1016/j.jsat.2021.108287. Epub 2021 Jan 13. PMID: 33771284; PMCID: PMC8004554.",,
Recovery community centers: Characteristics of new attendees and longitudinal investigation of the predictors and effects of participation,,,,NA,,,item,Which of the following addiction services you have participated in?,NA,0,multiple select,logistic regression,nominal,NA,NA,NA,"Detox, inpatient, outpatient, sober living environment, recovery high school, college recovery program, faith-based recovery services",,,,,
Recovery community centers: Characteristics of new attendees and longitudinal investigation of the predictors and effects of participation,,,,NA,,,item,Which of the following mutual-help organizations have you ever used?,NA,0,multiple select,logistic regression,nominal,NA,NA,NA,"Alcholics Anonymous, Narcotics Anonymous, Marijuana Anonymous, Cocaine Anonymous, Crystal Methamphetamine Anonymous, SMART Recovery, LifeRing Secular Recovery, Moderation Management, Celebrate Recovery, Women for Sobriety, Secular Organization for Sobriety, Dual Diagnosis Anonymous",,,,,
Recovery community centers: Characteristics of new attendees and longitudinal investigation of the predictors and effects of participation,,,,NA,,,item,"Of the mutual-help organizations you identified having used, have you attended in the past 90 days?",NA,0,multiple choice,logistic regression,nominal,NA,NA,NA,yes/no,,,,,
,,,,,,,,,,,,,,,,,,,,,,
Recovery community centers: Characteristics of new attendees and longitudinal investigation of the predictors and effects of participation,research particpants experiences with recovery community centers and their accesibility to them.,,0,RCC experience,NA,NA,scale,,,,,,,,,,,,,,,
Recovery community centers: Characteristics of new attendees and longitudinal investigation of the predictors and effects of participation,,,,NA,,,item,What is your made method of transportation?,NA,0,multiple choice,logistic regression,nominal,NA,NA,NA,"walk, drive, public transport",,,,,
Recovery community centers: Characteristics of new attendees and longitudinal investigation of the predictors and effects of participation,,,,NA,,,item,How long does it take you to travel to your RCC?,NA,0,time picker,logistic regression,ordinal,NA,NA,# of minutes,NA,,,,,
Recovery community centers: Characteristics of new attendees and longitudinal investigation of the predictors and effects of participation,,,,NA,,,item,How were you referred to your RCC?,NA,0,multiple choice,logistic regression,nominal,NA,NA,NA,"family and friends, SUD treatment (detox, outpatient, inpatient), housing and social services (sober living, shelter, including DSS). RCC outreach (street outreach, internet, pamphlets, community events, ads), Health care (PCP, ED), other (employer, 12-step, church, academic, prison)",,,,,
Recovery community centers: Characteristics of new attendees and longitudinal investigation of the predictors and effects of participation,,,,NA,,,item,How long has it been since you first started attending a RCC?,NA,0,time picker,logistic regression,ordinal,NA,NA,# of years,,,,,,
,,,,,,,,,,,,,,,,,,,,,,
Recovery community centers: Characteristics of new attendees and longitudinal investigation of the predictors and effects of participation,The services that recovery community centers offer to those in recovery and whther of not those in recovery used these provided services.,,0,RCC services,NA,NA,Scale,,,,,,,,,,,survey,"twice, baseline and 3 month followup","Kelly, J. F., Fallah-Sohy, N., Vilsaint, C., Hoffman, L. A., Jason, L. A., Stout, R. L., Cristello, J. V., & Hoeppner, B. B. (2020). New kid on the block: An investigation of the physical, operational, personnel, and service characteristics of recovery community centers in the United States. Journal of Substance Abuse Treatment, 111, 1–10. doi:https://doi.org/10.1016/j.jsat.2019.12.009.",,
Recovery community centers: Characteristics of new attendees and longitudinal investigation of the predictors and effects of participation,,,,NA,,,item,"""All recovery"" meetings",NA,0,multiple choice,logistic regression,nominal,NA,"Did you use this service, and if so, how helpful was it to you?",1-7.,"1. = not helpful at all, 4 = moderately helpful, 7 = extremely helpful",,,,,
Recovery community centers: Characteristics of new attendees and longitudinal investigation of the predictors and effects of participation,,,,NA,,,item,"Mutual-help groups by known organizations (e.g., Alcholics Anonymous)",NA,0,multiple choice,logistic regression,nominal,NA,"Did you use this service, and if so, how helpful was it to you?",1-7.,"1. = not helpful at all, 4 = moderately helpful, 7 = extremely helpful",,,,,
Recovery community centers: Characteristics of new attendees and longitudinal investigation of the predictors and effects of participation,,,,NA,,,item,"Other peer-facilitated recovery support groups (e.g., relapse prevention groups)",NA,0,multiple choice,logistic regression,nominal,NA,"Did you use this service, and if so, how helpful was it to you?",1-7.,"1. = not helpful at all, 4 = moderately helpful, 7 = extremely helpful",,,,,
Recovery community centers: Characteristics of new attendees and longitudinal investigation of the predictors and effects of participation,,,,NA,,,item,"Mental health support (e.g., dual diagnosis support groups)",NA,0,multiple choice,logistic regression,nominal,NA,"Did you use this service, and if so, how helpful was it to you?",1-7.,"1. = not helpful at all, 4 = moderately helpful, 7 = extremely helpful",,,,,
Recovery community centers: Characteristics of new attendees and longitudinal investigation of the predictors and effects of participation,,,,NA,,,item,recovery coaching (and/or case management),NA,0,multiple choice,logistic regression,nominal,NA,"Did you use this service, and if so, how helpful was it to you?",1-7.,"1. = not helpful at all, 4 = moderately helpful, 7 = extremely helpful",,,,,
Recovery community centers: Characteristics of new attendees and longitudinal investigation of the predictors and effects of participation,,,,NA,,,item,"Medication-assisted treatment (MAT) support (e.g., Pathway Guide, MARS group)",NA,0,multiple choice,logistic regression,nominal,NA,"Did you use this service, and if so, how helpful was it to you?",1-7.,"1. = not helpful at all, 4 = moderately helpful, 7 = extremely helpful",,,,,
Recovery community centers: Characteristics of new attendees and longitudinal investigation of the predictors and effects of participation,,,,NA,,,item,NARCAN training and/or distribution,NA,0,multiple choice,logistic regression,nominal,NA,"Did you use this service, and if so, how helpful was it to you?",1-7.,"1. = not helpful at all, 4 = moderately helpful, 7 = extremely helpful",,,,,
Recovery community centers: Characteristics of new attendees and longitudinal investigation of the predictors and effects of participation,,,,NA,,,item,"Provision of access to technology/internet (e.g., use of center computers, printers, fax)",NA,0,multiple choice,logistic regression,nominal,NA,"Did you use this service, and if so, how helpful was it to you?",1-7.,"1. = not helpful at all, 4 = moderately helpful, 7 = extremely helpful",,,,,
Recovery community centers: Characteristics of new attendees and longitudinal investigation of the predictors and effects of participation,,,,NA,,,item,"Basic needs assistance (e.g., access to food, clothing, transportation)",NA,0,multiple choice,logistic regression,nominal,NA,"Did you use this service, and if so, how helpful was it to you?",1-7.,"1. = not helpful at all, 4 = moderately helpful, 7 = extremely helpful",,,,,
Recovery community centers: Characteristics of new attendees and longitudinal investigation of the predictors and effects of participation,,,,NA,,,item,childcare services,NA,0,multiple choice,logistic regression,nominal,NA,"Did you use this service, and if so, how helpful was it to you?",1-7.,"1. = not helpful at all, 4 = moderately helpful, 7 = extremely helpful",,,,,
Recovery community centers: Characteristics of new attendees and longitudinal investigation of the predictors and effects of participation,,,,NA,,,item,Education assistance,NA,0,multiple choice,logistic regression,nominal,NA,"Did you use this service, and if so, how helpful was it to you?",1-7.,"1. = not helpful at all, 4 = moderately helpful, 7 = extremely helpful",,,,,
Recovery community centers: Characteristics of new attendees and longitudinal investigation of the predictors and effects of participation,,,,NA,,,item,"Employment assistance (e.g., job or computer skills, resume writing, CORI support)",NA,0,multiple choice,logistic regression,nominal,NA,"Did you use this service, and if so, how helpful was it to you?",1-7.,"1. = not helpful at all, 4 = moderately helpful, 7 = extremely helpful",,,,,
Recovery community centers: Characteristics of new attendees and longitudinal investigation of the predictors and effects of participation,,,,NA,,,item,"Family support services (e.g., family/parent education or support groups)",NA,0,multiple choice,logistic regression,nominal,NA,"Did you use this service, and if so, how helpful was it to you?",1-7.,"1. = not helpful at all, 4 = moderately helpful, 7 = extremely helpful",,,,,
Recovery community centers: Characteristics of new attendees and longitudinal investigation of the predictors and effects of participation,,,,NA,,,item,financial services,NA,0,multiple choice,logistic regression,nominal,NA,"Did you use this service, and if so, how helpful was it to you?",1-7.,"1. = not helpful at all, 4 = moderately helpful, 7 = extremely helpful",,,,,
Recovery community centers: Characteristics of new attendees and longitudinal investigation of the predictors and effects of participation,,,,NA,,,item,Health insurance education,NA,0,multiple choice,logistic regression,nominal,NA,"Did you use this service, and if so, how helpful was it to you?",1-7.,"1. = not helpful at all, 4 = moderately helpful, 7 = extremely helpful",,,,,
Recovery community centers: Characteristics of new attendees and longitudinal investigation of the predictors and effects of participation,,,,NA,,,item,Housing assistance,NA,0,multiple choice,logistic regression,nominal,NA,"Did you use this service, and if so, how helpful was it to you?",1-7.,"1. = not helpful at all, 4 = moderately helpful, 7 = extremely helpful",,,,,
Recovery community centers: Characteristics of new attendees and longitudinal investigation of the predictors and effects of participation,,,,NA,,,item,Legal assistance,NA,0,multiple choice,logistic regression,nominal,NA,"Did you use this service, and if so, how helpful was it to you?",1-7.,"1. = not helpful at all, 4 = moderately helpful, 7 = extremely helpful",,,,,
Recovery community centers: Characteristics of new attendees and longitudinal investigation of the predictors and effects of participation,,,,NA,,,item,Assistance with health behaviors,NA,0,multiple choice,logistic regression,nominal,NA,"Did you use this service, and if so, how helpful was it to you?",1-7.,"1. = not helpful at all, 4 = moderately helpful, 7 = extremely helpful",,,,,
Recovery community centers: Characteristics of new attendees and longitudinal investigation of the predictors and effects of participation,,,,NA,,,item,"Health, exercise, and nutrition programs (e.g., yoga, meditation, fitness classes)",NA,0,multiple choice,logistic regression,nominal,NA,"Did you use this service, and if so, how helpful was it to you?",1-7.,"1. = not helpful at all, 4 = moderately helpful, 7 = extremely helpful",,,,,
Recovery community centers: Characteristics of new attendees and longitudinal investigation of the predictors and effects of participation,,,,NA,,,item,smoking cessation support,NA,0,multiple choice,logistic regression,nominal,NA,"Did you use this service, and if so, how helpful was it to you?",1-7.,"1. = not helpful at all, 4 = moderately helpful, 7 = extremely helpful",,,,,
Recovery community centers: Characteristics of new attendees and longitudinal investigation of the predictors and effects of participation,,,,NA,,,item,Facilitation of substance-free recreational activities,NA,0,multiple choice,logistic regression,nominal,NA,"Did you use this service, and if so, how helpful was it to you?",1-7.,"1. = not helpful at all, 4 = moderately helpful, 7 = extremely helpful",,,,,
Recovery community centers: Characteristics of new attendees and longitudinal investigation of the predictors and effects of participation,,,,NA,,,item,"Recreational/social activities (e.g., substance free social events)",NA,0,multiple choice,logistic regression,nominal,NA,"Did you use this service, and if so, how helpful was it to you?",1-7.,"1. = not helpful at all, 4 = moderately helpful, 7 = extremely helpful",,,,,
Recovery community centers: Characteristics of new attendees and longitudinal investigation of the predictors and effects of participation,,,,NA,,,item,"Expressive arts (e.g., arts/crafts groups, music, poetry)",NA,0,multiple choice,logistic regression,nominal,NA,"Did you use this service, and if so, how helpful was it to you?",1-7.,"1. = not helpful at all, 4 = moderately helpful, 7 = extremely helpful",,,,,
,,,,,,,,,,,,,,,,,,,,,,
Recovery community centers: Characteristics of new attendees and longitudinal investigation of the predictors and effects of participation,Last time using drugs and if participant is sober at time of survey.,,0,Substance Use,NA,NA,Scale,,,,,,,,,,,survey,"twice, baseline and 3 month followup","Kelly JF, Fallah-Sohy N, Cristello J, Stout RL, Jason LA, Hoeppner BB. Recovery community centers: Characteristics of new attendees and longitudinal investigation of the predictors and effects of participation. J Subst Abuse Treat. 2021 May;124:108287. doi: 10.1016/j.jsat.2021.108287. Epub 2021 Jan 13. PMID: 33771284; PMCID: PMC8004554.",,
Recovery community centers: Characteristics of new attendees and longitudinal investigation of the predictors and effects of participation,,,,NA,,,Item,Are you currently abstinent from all substances?,NA,0,multiple choice,logistic regression,nominal,NA,NA,NA,yes/no,,,,,
Recovery community centers: Characteristics of new attendees and longitudinal investigation of the predictors and effects of participation,,,,NA,,,Item,"To the best of your knowledge, what is the date that you last used ANY type of drug (including alcohol)?",NA,0,time picker,logistic regression,nominal,NA,NA,NA,answer is a date,,,,,
,,,,,,,,,,,,,,,,,,,,,,
Recovery community centers: Characteristics of new attendees and longitudinal investigation of the predictors and effects of participation,"""Recovery capital represents the quantity and quality of internal and external resources that can be brought to bear to initiate and sustain recovery from SUD.""",,1,Brief Assessment of Recovery Capital Scale,NA,NA,Scale,,,,,,,,,,,survey,"twice, baseline and 3 month followup","Corrie L. Vilsaint, John F. Kelly, Brandon G. Bergman, Teodora Groshkova, David Best, William White,
Development and validation of a Brief Assessment of Recovery Capital (BARC-10) for alcohol and drug use disorder, Drug and Alcohol Dependence, Volume 177, 2017, Pages 71-76, ISSN 0376-8716, https://doi.org/10.1016/j.drugalcdep.2017.03.022.",,
Recovery community centers: Characteristics of new attendees and longitudinal investigation of the predictors and effects of participation,,,,NA,,,Item,There are more important things to me in life than using substances.,0,0,multiple choice,logistic regression,nominal,NA,NA,1-6.,"1. = strongly disagree, 6 = strongly agree",,,,,
Recovery community centers: Characteristics of new attendees and longitudinal investigation of the predictors and effects of participation,,,,NA,,,Item,In general I am happy with my life.,0,0,multiple choice,logistic regression,nominal,NA,NA,1-6.,"1. = strongly disagree, 6 = strongly agree",,,,,
Recovery community centers: Characteristics of new attendees and longitudinal investigation of the predictors and effects of participation,,,,NA,,,Item,I have enough energy to complete the tasks I set for myself.,0,0,multiple choice,logistic regression,nominal,NA,NA,1-6.,"1. = strongly disagree, 6 = strongly agree",,,,,
Recovery community centers: Characteristics of new attendees and longitudinal investigation of the predictors and effects of participation,,,,NA,,,Item,I am proud of the community I live in and feel a part of it.,0,0,multiple choice,logistic regression,nominal,NA,NA,1-6.,"1. = strongly disagree, 6 = strongly agree",,,,,
Recovery community centers: Characteristics of new attendees and longitudinal investigation of the predictors and effects of participation,,,,NA,,,Item,I get lots of support from friends.,0,0,multiple choice,logistic regression,nominal,NA,NA,1-6.,"1. = strongly disagree, 6 = strongly agree",,,,,
Recovery community centers: Characteristics of new attendees and longitudinal investigation of the predictors and effects of participation,,,,NA,,,Item,I regard my life as challenging and fulfilling without the need for using drugs or alcohol.,0,0,multiple choice,logistic regression,nominal,NA,NA,1-6.,"1. = strongly disagree, 6 = strongly agree",,,,,
Recovery community centers: Characteristics of new attendees and longitudinal investigation of the predictors and effects of participation,,,,NA,,,Item,My living space has helped drive my recovery journey.,0,0,multiple choice,logistic regression,nominal,NA,NA,1-6.,"1. = strongly disagree, 6 = strongly agree",,,,,
Recovery community centers: Characteristics of new attendees and longitudinal investigation of the predictors and effects of participation,,,,NA,,,Item,I take full responsibility for my actions.,0,0,multiple choice,logistic regression,nominal,NA,NA,1-6.,"1. = strongly disagree, 6 = strongly agree",,,,,
Recovery community centers: Characteristics of new attendees and longitudinal investigation of the predictors and effects of participation,,,,NA,,,Item,I am happy dealing with a range of professional people.,0,0,multiple choice,logistic regression,nominal,NA,NA,1-6.,"1. = strongly disagree, 6 = strongly agree",,,,,
Recovery community centers: Characteristics of new attendees and longitudinal investigation of the predictors and effects of participation,,,,NA,,,Item,I am making good progess on my recovery journey.,0,0,multiple choice,logistic regression,nominal,NA,NA,1-6.,"1. = strongly disagree, 6 = strongly agree",,,,,
,,,,,,,,,,,,,,,,,,,,,,
Recovery community centers: Characteristics of new attendees and longitudinal investigation of the predictors and effects of participation,the client's internal states and treatment related experiences that predict treatment retention and outcomes.,,1,Client Evaluation of Self and Treatment,NA,"Desire for help, treatment readiness, treatment needs, self esteem, depression, anxiety, decision making, self-efficacy, hostility, risk taking, social consciousness, treatment satisfaction, counseling rapport, treatment participation, peer support, social support",Scale,,,,,,,,,,,survey,"twice, baseline and 3 month followup","Institute of Behavioral Research. (2007). TCU Treatment Needs and Motivation (TCU MOTForm). Fort Worth: Texas Christian University, Institute of Behavioral Research. Available at ibr.tcu.edu",,
Recovery community centers: Characteristics of new attendees and longitudinal investigation of the predictors and effects of participation,,,,desire for help,Client Evaluation of Self and Treatment,NA,,,,,,,,,,,,,,,,
Recovery community centers: Characteristics of new attendees and longitudinal investigation of the predictors and effects of participation,,,,treatment readiness,Client Evaluation of Self and Treatment,NA,,,,,,,,,,,,,,,,
Recovery community centers: Characteristics of new attendees and longitudinal investigation of the predictors and effects of participation,,,,treatment needs,Client Evaluation of Self and Treatment,NA,,,,,,,,,,,,,,,,
Recovery community centers: Characteristics of new attendees and longitudinal investigation of the predictors and effects of participation,,,,self esteem,Client Evaluation of Self and Treatment,NA,,,,,,,,,,,,,,,,
Recovery community centers: Characteristics of new attendees and longitudinal investigation of the predictors and effects of participation,,,,depression,Client Evaluation of Self and Treatment,NA,,,,,,,,,,,,,,,,
Recovery community centers: Characteristics of new attendees and longitudinal investigation of the predictors and effects of participation,,,,anxiety,Client Evaluation of Self and Treatment,NA,,,,,,,,,,,,,,,,
Recovery community centers: Characteristics of new attendees and longitudinal investigation of the predictors and effects of participation,,,,decision making,Client Evaluation of Self and Treatment,NA,,,,,,,,,,,,,,,,
Recovery community centers: Characteristics of new attendees and longitudinal investigation of the predictors and effects of participation,,,,self-efficacy,Client Evaluation of Self and Treatment,NA,,,,,,,,,,,,,,,,
Recovery community centers: Characteristics of new attendees and longitudinal investigation of the predictors and effects of participation,,,,hostility,Client Evaluation of Self and Treatment,NA,,,,,,,,,,,,,,,,
Recovery community centers: Characteristics of new attendees and longitudinal investigation of the predictors and effects of participation,,,,risk taking,Client Evaluation of Self and Treatment,NA,,,,,,,,,,,,,,,,
Recovery community centers: Characteristics of new attendees and longitudinal investigation of the predictors and effects of participation,,,,social consciousness,Client Evaluation of Self and Treatment,NA,,,,,,,,,,,,,,,,
Recovery community centers: Characteristics of new attendees and longitudinal investigation of the predictors and effects of participation,,,,treatment satisfaction,Client Evaluation of Self and Treatment,NA,,,,,,,,,,,,,,,,
Recovery community centers: Characteristics of new attendees and longitudinal investigation of the predictors and effects of participation,,,,counseling rapport,Client Evaluation of Self and Treatment,NA,,,,,,,,,,,,,,,,
Recovery community centers: Characteristics of new attendees and longitudinal investigation of the predictors and effects of participation,,,,treatment participation,Client Evaluation of Self and Treatment,NA,,,,,,,,,,,,,,,,
Recovery community centers: Characteristics of new attendees and longitudinal investigation of the predictors and effects of participation,,,,peer support,Client Evaluation of Self and Treatment,NA,,,,,,,,,,,,,,,,
Recovery community centers: Characteristics of new attendees and longitudinal investigation of the predictors and effects of participation,,,,social support,Client Evaluation of Self and Treatment,NA,,,,,,,,,,,,,,,,
Recovery community centers: Characteristics of new attendees and longitudinal investigation of the predictors and effects of participation,,,,NA,,,Item,You need help in dealing with your drug use.,0,0,multiple choice,logistic regression,nominal,NA,NA,1-6.,"1. = strongly disagree, 6 = strongly agree",,,,,
Recovery community centers: Characteristics of new attendees and longitudinal investigation of the predictors and effects of participation,,,,NA,,,Item,It is urgent that you find help immediately for your drug use.,0,0,multiple choice,logistic regression,nominal,NA,NA,1-6.,"1. = strongly disagree, 6 = strongly agree",,,,,
Recovery community centers: Characteristics of new attendees and longitudinal investigation of the predictors and effects of participation,,,,NA,,,Item,You will give up your friends and hangouts to solve your drug problems.,0,0,multiple choice,logistic regression,nominal,NA,NA,1-6.,"1. = strongly disagree, 6 = strongly agree",,,,,
Recovery community centers: Characteristics of new attendees and longitudinal investigation of the predictors and effects of participation,,,,NA,,,Item,Your life has gone out of control.,0,0,multiple choice,logistic regression,nominal,NA,NA,1-6.,"1. = strongly disagree, 6 = strongly agree",,,,,
Recovery community centers: Characteristics of new attendees and longitudinal investigation of the predictors and effects of participation,,,,NA,,,Item,You are tired of the problems caused by drugs.,0,0,multiple choice,logistic regression,nominal,NA,NA,1-6.,"1. = strongly disagree, 6 = strongly agree",,,,,
Recovery community centers: Characteristics of new attendees and longitudinal investigation of the predictors and effects of participation,,,,NA,,,Item,You want to get your life straightened out.,0,0,multiple choice,logistic regression,nominal,NA,NA,1-6.,"1. = strongly disagree, 6 = strongly agree",,,,,
Recovery community centers: Characteristics of new attendees and longitudinal investigation of the predictors and effects of participation,,,,NA,,,Item,You plan to stay in this treatment program for awhile.,0,0,multiple choice,logistic regression,nominal,NA,NA,1-6.,"1. = strongly disagree, 6 = strongly agree",,,,,
Recovery community centers: Characteristics of new attendees and longitudinal investigation of the predictors and effects of participation,,,,NA,,,Item,This treatment may be your last chance to solve your drug problems.,0,0,multiple choice,logistic regression,nominal,NA,NA,1-6.,"1. = strongly disagree, 6 = strongly agree",,,,,
Recovery community centers: Characteristics of new attendees and longitudinal investigation of the predictors and effects of participation,,,,NA,,,Item,This kind of treatment will not be very helpful to you.,1,0,multiple choice,logistic regression,nominal,NA,NA,1-6.,"1. = strongly disagree, 6 = strongly agree",,,,,
Recovery community centers: Characteristics of new attendees and longitudinal investigation of the predictors and effects of participation,,,,NA,,,Item,This treatment program can really help you.,0,0,multiple choice,logistic regression,nominal,NA,NA,1-6.,"1. = strongly disagree, 6 = strongly agree",,,,,
Recovery community centers: Characteristics of new attendees and longitudinal investigation of the predictors and effects of participation,,,,NA,,,Item,You want to be in a drug treatment program now.,0,0,multiple choice,logistic regression,nominal,NA,NA,1-6.,"1. = strongly disagree, 6 = strongly agree",,,,,
Recovery community centers: Characteristics of new attendees and longitudinal investigation of the predictors and effects of participation,,,,NA,,,Item,You have too many outside responsbilities now to be in this treatment program.,1,0,multiple choice,logistic regression,nominal,NA,NA,1-6.,"1. = strongly disagree, 6 = strongly agree",,,,,
Recovery community centers: Characteristics of new attendees and longitudinal investigation of the predictors and effects of participation,,,,NA,,,Item,You are in this treatment program because someone else made you come,1,0,multiple choice,logistic regression,nominal,NA,NA,1-6.,"1. = strongly disagree, 6 = strongly agree",,,,,
Recovery community centers: Characteristics of new attendees and longitudinal investigation of the predictors and effects of participation,,,,NA,,,Item,This treatment program seems too demanding for you.,1,0,multiple choice,logistic regression,nominal,NA,NA,1-6.,"1. = strongly disagree, 6 = strongly agree",,,,,
Recovery community centers: Characteristics of new attendees and longitudinal investigation of the predictors and effects of participation,,,,NA,,,Item,You need more help with your emotional troubles. ,0,0,multiple choice,logistic regression,nominal,NA,NA,1-6.,"1. = strongly disagree, 6 = strongly agree",,,,,
Recovery community centers: Characteristics of new attendees and longitudinal investigation of the predictors and effects of participation,,,,NA,,,Item,You need more individual counseling sessions.,0,0,multiple choice,logistic regression,nominal,NA,NA,1-6.,"1. = strongly disagree, 6 = strongly agree",,,,,
Recovery community centers: Characteristics of new attendees and longitudinal investigation of the predictors and effects of participation,,,,NA,,,Item,You need more educational or vocational training services.,0,0,multiple choice,logistic regression,nominal,NA,NA,1-6.,"1. = strongly disagree, 6 = strongly agree",,,,,
Recovery community centers: Characteristics of new attendees and longitudinal investigation of the predictors and effects of participation,,,,NA,,,Item,You need more group counseling sessions.,0,0,multiple choice,logistic regression,nominal,NA,NA,1-6.,"1. = strongly disagree, 6 = strongly agree",,,,,
Recovery community centers: Characteristics of new attendees and longitudinal investigation of the predictors and effects of participation,,,,NA,,,Item,You need more medical care and services.,0,0,multiple choice,logistic regression,nominal,NA,NA,1-6.,"1. = strongly disagree, 6 = strongly agree",,,,,
Recovery community centers: Characteristics of new attendees and longitudinal investigation of the predictors and effects of participation,,,,NA,,,Item,You have family members who want you to be in treatment.,0,0,multiple choice,logistic regression,nominal,NA,NA,1-6.,"1. = strongly disagree, 6 = strongly agree",,,,,
Recovery community centers: Characteristics of new attendees and longitudinal investigation of the predictors and effects of participation,,,,NA,,,Item,You are concerned about legal problems.,0,0,multiple choice,logistic regression,nominal,NA,NA,1-6.,"1. = strongly disagree, 6 = strongly agree",,,,,
Recovery community centers: Characteristics of new attendees and longitudinal investigation of the predictors and effects of participation,,,,NA,,,Item,You feel a lot of pressure to be in treatment.,0,0,multiple choice,logistic regression,nominal,NA,NA,1-6.,"1. = strongly disagree, 6 = strongly agree",,,,,
Recovery community centers: Characteristics of new attendees and longitudinal investigation of the predictors and effects of participation,,,,NA,,,Item,You could be sent to jail or prison if you are not in treatment.,0,0,multiple choice,logistic regression,nominal,NA,NA,1-6.,"1. = strongly disagree, 6 = strongly agree",,,,,
Recovery community centers: Characteristics of new attendees and longitudinal investigation of the predictors and effects of participation,,,,NA,,,Item,You have serious drug-related health problems.,0,0,multiple choice,logistic regression,nominal,NA,NA,1-6.,"1. = strongly disagree, 6 = strongly agree",,,,,
Recovery community centers: Characteristics of new attendees and longitudinal investigation of the predictors and effects of participation,,,,NA,,,Item,You have legal problems that require you to be in treatment.,0,0,multiple choice,logistic regression,nominal,NA,NA,1-6.,"1. = strongly disagree, 6 = strongly agree",,,,,
Recovery community centers: Characteristics of new attendees and longitudinal investigation of the predictors and effects of participation,,,,NA,,,Item,You have much to be proud of.,0,0,multiple choice,logistic regression,nominal,NA,NA,1-6.,"1. = strongly disagree, 6 = strongly agree",,,,,
Recovery community centers: Characteristics of new attendees and longitudinal investigation of the predictors and effects of participation,,,,NA,,,Item,You feel like a failure.,1,0,multiple choice,logistic regression,nominal,NA,NA,1-6.,"1. = strongly disagree, 6 = strongly agree",,,,,
Recovery community centers: Characteristics of new attendees and longitudinal investigation of the predictors and effects of participation,,,,NA,,,Item,You wish you had more respect for yourself,1,0,multiple choice,logistic regression,nominal,NA,NA,1-6.,"1. = strongly disagree, 6 = strongly agree",,,,,
Recovery community centers: Characteristics of new attendees and longitudinal investigation of the predictors and effects of participation,,,,NA,,,Item,You feel you are basically no good.,1,0,multiple choice,logistic regression,nominal,NA,NA,1-6.,"1. = strongly disagree, 6 = strongly agree",,,,,
Recovery community centers: Characteristics of new attendees and longitudinal investigation of the predictors and effects of participation,,,,NA,,,Item,"In general, you are satisfied with yourself.",0,0,multiple choice,logistic regression,nominal,NA,NA,1-6.,"1. = strongly disagree, 6 = strongly agree",,,,,
Recovery community centers: Characteristics of new attendees and longitudinal investigation of the predictors and effects of participation,,,,NA,,,Item,You feel you are unimportant to others.,1,0,multiple choice,logistic regression,nominal,NA,NA,1-6.,"1. = strongly disagree, 6 = strongly agree",,,,,
Recovery community centers: Characteristics of new attendees and longitudinal investigation of the predictors and effects of participation,,,,NA,,,Item,You feel interested in life.,1,0,multiple choice,logistic regression,nominal,NA,NA,1-6.,"1. = strongly disagree, 6 = strongly agree",,,,,
Recovery community centers: Characteristics of new attendees and longitudinal investigation of the predictors and effects of participation,,,,NA,,,Item,You feel sad or depressed.,0,0,multiple choice,logistic regression,nominal,NA,NA,1-6.,"1. = strongly disagree, 6 = strongly agree",,,,,
Recovery community centers: Characteristics of new attendees and longitudinal investigation of the predictors and effects of participation,,,,NA,,,Item,You feel extra tired or run down.,0,0,multiple choice,logistic regression,nominal,NA,NA,1-6.,"1. = strongly disagree, 6 = strongly agree",,,,,
Recovery community centers: Characteristics of new attendees and longitudinal investigation of the predictors and effects of participation,,,,NA,,,Item,You worry or brood a lot.,0,0,multiple choice,logistic regression,nominal,NA,NA,1-6.,"1. = strongly disagree, 6 = strongly agree",,,,,
Recovery community centers: Characteristics of new attendees and longitudinal investigation of the predictors and effects of participation,,,,NA,,,Item,You feel hopeless about the future.,0,0,multiple choice,logistic regression,nominal,NA,NA,1-6.,"1. = strongly disagree, 6 = strongly agree",,,,,
Recovery community centers: Characteristics of new attendees and longitudinal investigation of the predictors and effects of participation,,,,NA,,,Item,You feel lonely.,0,0,multiple choice,logistic regression,nominal,NA,NA,1-6.,"1. = strongly disagree, 6 = strongly agree",,,,,
Recovery community centers: Characteristics of new attendees and longitudinal investigation of the predictors and effects of participation,,,,NA,,,Item,You have trouble sleeping.,0,0,multiple choice,logistic regression,nominal,NA,NA,1-6.,"1. = strongly disagree, 6 = strongly agree",,,,,
Recovery community centers: Characteristics of new attendees and longitudinal investigation of the predictors and effects of participation,,,,NA,,,Item,You have trouble concentrating or remembering things.,0,0,multiple choice,logistic regression,nominal,NA,NA,1-6.,"1. = strongly disagree, 6 = strongly agree",,,,,
Recovery community centers: Characteristics of new attendees and longitudinal investigation of the predictors and effects of participation,,,,NA,,,Item,"You feel afraid of certain things, like elevators, crowds, or going out alone.",0,0,multiple choice,logistic regression,nominal,NA,NA,1-6.,"1. = strongly disagree, 6 = strongly agree",,,,,
Recovery community centers: Characteristics of new attendees and longitudinal investigation of the predictors and effects of participation,,,,NA,,,Item,You feel anxious or nervous.,0,0,multiple choice,logistic regression,nominal,NA,NA,1-6.,"1. = strongly disagree, 6 = strongly agree",,,,,
Recovery community centers: Characteristics of new attendees and longitudinal investigation of the predictors and effects of participation,,,,NA,,,Item,You have trouble sitting still for long.,0,0,multiple choice,logistic regression,nominal,NA,NA,1-6.,"1. = strongly disagree, 6 = strongly agree",,,,,
Recovery community centers: Characteristics of new attendees and longitudinal investigation of the predictors and effects of participation,,,,NA,,,Item,You feel tense or keyed up.,0,0,multiple choice,logistic regression,nominal,NA,NA,1-6.,"1. = strongly disagree, 6 = strongly agree",,,,,
Recovery community centers: Characteristics of new attendees and longitudinal investigation of the predictors and effects of participation,,,,NA,,,Item,You feel tightness or tension in your muscles.,0,0,multiple choice,logistic regression,nominal,NA,NA,1-6.,"1. = strongly disagree, 6 = strongly agree",,,,,
Recovery community centers: Characteristics of new attendees and longitudinal investigation of the predictors and effects of participation,,,,NA,,,Item,You consider how your actions will affect others.,0,0,multiple choice,logistic regression,nominal,NA,NA,1-6.,"1. = strongly disagree, 6 = strongly agree",,,,,
Recovery community centers: Characteristics of new attendees and longitudinal investigation of the predictors and effects of participation,,,,NA,,,Item,You plan ahead.,0,0,multiple choice,logistic regression,nominal,NA,NA,1-6.,"1. = strongly disagree, 6 = strongly agree",,,,,
Recovery community centers: Characteristics of new attendees and longitudinal investigation of the predictors and effects of participation,,,,NA,,,Item,You think about what causes your current problems.,0,0,multiple choice,logistic regression,nominal,NA,NA,1-6.,"1. = strongly disagree, 6 = strongly agree",,,,,
Recovery community centers: Characteristics of new attendees and longitudinal investigation of the predictors and effects of participation,,,,NA,,,Item,You think of several different ways to solve a problem.,0,0,multiple choice,logistic regression,nominal,NA,NA,1-6.,"1. = strongly disagree, 6 = strongly agree",,,,,
Recovery community centers: Characteristics of new attendees and longitudinal investigation of the predictors and effects of participation,,,,NA,,,Item,You have trouble making decisions.,1,0,multiple choice,logistic regression,nominal,NA,NA,1-6.,"1. = strongly disagree, 6 = strongly agree",,,,,
Recovery community centers: Characteristics of new attendees and longitudinal investigation of the predictors and effects of participation,,,,NA,,,Item,You make good decisions.,0,0,multiple choice,logistic regression,nominal,NA,NA,1-6.,"1. = strongly disagree, 6 = strongly agree",,,,,
Recovery community centers: Characteristics of new attendees and longitudinal investigation of the predictors and effects of participation,,,,NA,,,Item,You make decisions without thinking about consequences.,1,0,multiple choice,logistic regression,nominal,NA,NA,1-6.,"1. = strongly disagree, 6 = strongly agree",,,,,
Recovery community centers: Characteristics of new attendees and longitudinal investigation of the predictors and effects of participation,,,,NA,,,Item,You analyze problems by looking at all the choices.,0,0,multiple choice,logistic regression,nominal,NA,NA,1-6.,"1. = strongly disagree, 6 = strongly agree",,,,,
Recovery community centers: Characteristics of new attendees and longitudinal investigation of the predictors and effects of participation,,,,NA,,,Item,You have little control over the things that happen to you.,1,0,multiple choice,logistic regression,nominal,NA,NA,1-6.,"1. = strongly disagree, 6 = strongly agree",,,,,
Recovery community centers: Characteristics of new attendees and longitudinal investigation of the predictors and effects of participation,,,,NA,,,Item,What happens to you in the future mostly depends on you.,0,0,multiple choice,logistic regression,nominal,NA,NA,1-6.,"1. = strongly disagree, 6 = strongly agree",,,,,
Recovery community centers: Characteristics of new attendees and longitudinal investigation of the predictors and effects of participation,,,,NA,,,Item,There is little you can do to change many of the important things in  your life.,1,0,multiple choice,logistic regression,nominal,NA,NA,1-6.,"1. = strongly disagree, 6 = strongly agree",,,,,
Recovery community centers: Characteristics of new attendees and longitudinal investigation of the predictors and effects of participation,,,,NA,,,Item,There is really no way you can solve some of the problems you have,1,0,multiple choice,logistic regression,nominal,NA,NA,1-6.,"1. = strongly disagree, 6 = strongly agree",,,,,
Recovery community centers: Characteristics of new attendees and longitudinal investigation of the predictors and effects of participation,,,,NA,,,Item,You can do just about anything you really set your mind to.,0,0,multiple choice,logistic regression,nominal,NA,NA,1-6.,"1. = strongly disagree, 6 = strongly agree",,,,,
Recovery community centers: Characteristics of new attendees and longitudinal investigation of the predictors and effects of participation,,,,NA,,,Item,Sometimes you feel that you are being pushed around in life.,1,0,multiple choice,logistic regression,nominal,NA,NA,1-6.,"1. = strongly disagree, 6 = strongly agree",,,,,
Recovery community centers: Characteristics of new attendees and longitudinal investigation of the predictors and effects of participation,,,,NA,,,Item,You often feel helpless in dealing with the problems of life.,1,0,multiple choice,logistic regression,nominal,NA,NA,1-6.,"1. = strongly disagree, 6 = strongly agree",,,,,
Recovery community centers: Characteristics of new attendees and longitudinal investigation of the predictors and effects of participation,,,,NA,,,Item,"You have carried weapons, like knives or guns.",0,0,multiple choice,logistic regression,nominal,NA,NA,1-6.,"1. = strongly disagree, 6 = strongly agree",,,,,
Recovery community centers: Characteristics of new attendees and longitudinal investigation of the predictors and effects of participation,,,,NA,,,Item,You feel a lot of anger inside you.,0,0,multiple choice,logistic regression,nominal,NA,NA,1-6.,"1. = strongly disagree, 6 = strongly agree",,,,,
Recovery community centers: Characteristics of new attendees and longitudinal investigation of the predictors and effects of participation,,,,NA,,,Item,You have a hot temper.,0,0,multiple choice,logistic regression,nominal,NA,NA,1-6.,"1. = strongly disagree, 6 = strongly agree",,,,,
Recovery community centers: Characteristics of new attendees and longitudinal investigation of the predictors and effects of participation,,,,NA,,,Item,You like others to feel afraid of you.,0,0,multiple choice,logistic regression,nominal,NA,NA,1-6.,"1. = strongly disagree, 6 = strongly agree",,,,,
Recovery community centers: Characteristics of new attendees and longitudinal investigation of the predictors and effects of participation,,,,NA,,,Item,You feel mistreated by other people.,0,0,multiple choice,logistic regression,nominal,NA,NA,1-6.,"1. = strongly disagree, 6 = strongly agree",,,,,
Recovery community centers: Characteristics of new attendees and longitudinal investigation of the predictors and effects of participation,,,,NA,,,Item,You get mad at other people easily.,0,0,multiple choice,logistic regression,nominal,NA,NA,1-6.,"1. = strongly disagree, 6 = strongly agree",,,,,
Recovery community centers: Characteristics of new attendees and longitudinal investigation of the predictors and effects of participation,,,,NA,,,Item,You have urges to fight or hurt others.,0,0,multiple choice,logistic regression,nominal,NA,NA,1-6.,"1. = strongly disagree, 6 = strongly agree",,,,,
Recovery community centers: Characteristics of new attendees and longitudinal investigation of the predictors and effects of participation,,,,NA,,,Item,Your temper gets you into fights or other trouble.,0,0,multiple choice,logistic regression,nominal,NA,NA,1-6.,"1. = strongly disagree, 6 = strongly agree",,,,,
Recovery community centers: Characteristics of new attendees and longitudinal investigation of the predictors and effects of participation,,,,NA,,,Item,You only do things that feel safe.,1,0,multiple choice,logistic regression,nominal,NA,NA,1-6.,"1. = strongly disagree, 6 = strongly agree",,,,,
Recovery community centers: Characteristics of new attendees and longitudinal investigation of the predictors and effects of participation,,,,NA,,,Item,You avoid anything dangerous.,1,0,multiple choice,logistic regression,nominal,NA,NA,1-6.,"1. = strongly disagree, 6 = strongly agree",,,,,
Recovery community centers: Characteristics of new attendees and longitudinal investigation of the predictors and effects of participation,,,,NA,,,Item,You are very careful and cautious.,1,0,multiple choice,logistic regression,nominal,NA,NA,1-6.,"1. = strongly disagree, 6 = strongly agree",,,,,
Recovery community centers: Characteristics of new attendees and longitudinal investigation of the predictors and effects of participation,,,,NA,,,Item,You like to do things that are strange and exciting.,0,0,multiple choice,logistic regression,nominal,NA,NA,1-6.,"1. = strongly disagree, 6 = strongly agree",,,,,
Recovery community centers: Characteristics of new attendees and longitudinal investigation of the predictors and effects of participation,,,,NA,,,Item,You like to take chances.,0,0,multiple choice,logistic regression,nominal,NA,NA,1-6.,"1. = strongly disagree, 6 = strongly agree",,,,,
Recovery community centers: Characteristics of new attendees and longitudinal investigation of the predictors and effects of participation,,,,NA,,,Item,"You like the ""fast"" life.",0,0,multiple choice,logistic regression,nominal,NA,NA,1-6.,"1. = strongly disagree, 6 = strongly agree",,,,,
Recovery community centers: Characteristics of new attendees and longitudinal investigation of the predictors and effects of participation,,,,NA,,,Item,You like friends who are wild.,0,0,multiple choice,logistic regression,nominal,NA,NA,1-6.,"1. = strongly disagree, 6 = strongly agree",,,,,
Recovery community centers: Characteristics of new attendees and longitudinal investigation of the predictors and effects of participation,,,,NA,,,Item,Your religious beliefs are very important in your life.,0,0,multiple choice,logistic regression,nominal,NA,NA,1-6.,"1. = strongly disagree, 6 = strongly agree",,,,,
Recovery community centers: Characteristics of new attendees and longitudinal investigation of the predictors and effects of participation,,,,NA,,,Item,You keep the same friends for a long time.,0,0,multiple choice,logistic regression,nominal,NA,NA,1-6.,"1. = strongly disagree, 6 = strongly agree",,,,,
Recovery community centers: Characteristics of new attendees and longitudinal investigation of the predictors and effects of participation,,,,NA,,,Item,You feel people are important to you.,0,0,multiple choice,logistic regression,nominal,NA,NA,1-6.,"1. = strongly disagree, 6 = strongly agree",,,,,
Recovery community centers: Characteristics of new attendees and longitudinal investigation of the predictors and effects of participation,,,,NA,,,Item,You have trouble following rules and laws.,1,0,multiple choice,logistic regression,nominal,NA,NA,1-6.,"1. = strongly disagree, 6 = strongly agree",,,,,
Recovery community centers: Characteristics of new attendees and longitudinal investigation of the predictors and effects of participation,,,,NA,,,Item,Taking care of your family is very important.,0,0,multiple choice,logistic regression,nominal,NA,NA,1-6.,"1. = strongly disagree, 6 = strongly agree",,,,,
Recovery community centers: Characteristics of new attendees and longitudinal investigation of the predictors and effects of participation,,,,NA,,,Item,You feel honestly is required in every situation.,0,0,multiple choice,logistic regression,nominal,NA,NA,1-6.,"1. = strongly disagree, 6 = strongly agree",,,,,
Recovery community centers: Characteristics of new attendees and longitudinal investigation of the predictors and effects of participation,,,,NA,,,Item,You work hard to keep a job.,0,0,multiple choice,logistic regression,nominal,NA,NA,1-6.,"1. = strongly disagree, 6 = strongly agree",,,,,
Recovery community centers: Characteristics of new attendees and longitudinal investigation of the predictors and effects of participation,,,,NA,,,Item,"You depend on ""things"" more than ""people"".",1,0,multiple choice,logistic regression,nominal,NA,NA,1-6.,"1. = strongly disagree, 6 = strongly agree",,,,,
Recovery community centers: Characteristics of new attendees and longitudinal investigation of the predictors and effects of participation,,,,NA,,,Item,Time schedules for counseling sessions at this program are convenient for you.,0,0,multiple choice,logistic regression,nominal,NA,NA,1-6.,"1. = strongly disagree, 6 = strongly agree",,,,,
Recovery community centers: Characteristics of new attendees and longitudinal investigation of the predictors and effects of participation,,,,NA,,,Item,This program expects you to learn responsibility and self-discipline.,0,0,multiple choice,logistic regression,nominal,NA,NA,1-6.,"1. = strongly disagree, 6 = strongly agree",,,,,
Recovery community centers: Characteristics of new attendees and longitudinal investigation of the predictors and effects of participation,,,,NA,,,Item,This program is organized and run well.,0,0,multiple choice,logistic regression,nominal,NA,NA,1-6.,"1. = strongly disagree, 6 = strongly agree",,,,,
Recovery community centers: Characteristics of new attendees and longitudinal investigation of the predictors and effects of participation,,,,NA,,,Item,You are satisifed with this program.,0,0,multiple choice,logistic regression,nominal,NA,NA,1-6.,"1. = strongly disagree, 6 = strongly agree",,,,,
Recovery community centers: Characteristics of new attendees and longitudinal investigation of the predictors and effects of participation,,,,NA,,,Item,The staff here is efficient at doing its job.,0,0,multiple choice,logistic regression,nominal,NA,NA,1-6.,"1. = strongly disagree, 6 = strongly agree",,,,,
Recovery community centers: Characteristics of new attendees and longitudinal investigation of the predictors and effects of participation,,,,NA,,,Item,You can get plenty of personal counseling at this program.,0,0,multiple choice,logistic regression,nominal,NA,NA,1-6.,"1. = strongly disagree, 6 = strongly agree",,,,,
Recovery community centers: Characteristics of new attendees and longitudinal investigation of the predictors and effects of participation,,,,NA,,,Item,This program location is convenient for you.,0,0,multiple choice,logistic regression,nominal,NA,NA,1-6.,"1. = strongly disagree, 6 = strongly agree",,,,,
Recovery community centers: Characteristics of new attendees and longitudinal investigation of the predictors and effects of participation,,,,NA,,,Item,You trust your counselor.,0,0,multiple choice,logistic regression,nominal,NA,NA,1-6.,"1. = strongly disagree, 6 = strongly agree",,,,,
Recovery community centers: Characteristics of new attendees and longitudinal investigation of the predictors and effects of participation,,,,NA,,,Item,It's always easy to follow or understand what your counselor is trying to tell you.,0,0,multiple choice,logistic regression,nominal,NA,NA,1-6.,"1. = strongly disagree, 6 = strongly agree",,,,,
Recovery community centers: Characteristics of new attendees and longitudinal investigation of the predictors and effects of participation,,,,NA,,,Item,You are motivated and encouraged by your counselor.,0,0,multiple choice,logistic regression,nominal,NA,NA,1-6.,"1. = strongly disagree, 6 = strongly agree",,,,,
Recovery community centers: Characteristics of new attendees and longitudinal investigation of the predictors and effects of participation,,,,NA,,,Item,Your counselor recognizes the progress you make in treatment.,0,0,multiple choice,logistic regression,nominal,NA,NA,1-6.,"1. = strongly disagree, 6 = strongly agree",,,,,
Recovery community centers: Characteristics of new attendees and longitudinal investigation of the predictors and effects of participation,,,,NA,,,Item,Your counselor is well organized and prepared for each counseling session.,0,0,multiple choice,logistic regression,nominal,NA,NA,1-6.,"1. = strongly disagree, 6 = strongly agree",,,,,
Recovery community centers: Characteristics of new attendees and longitudinal investigation of the predictors and effects of participation,,,,NA,,,Item,Your counselor is sensitive to your situation and problems.,0,0,multiple choice,logistic regression,nominal,NA,NA,1-6.,"1. = strongly disagree, 6 = strongly agree",,,,,
Recovery community centers: Characteristics of new attendees and longitudinal investigation of the predictors and effects of participation,,,,NA,,,Item,Your counselor makes you feel foolish and ashamed.,1,0,multiple choice,logistic regression,nominal,NA,NA,1-6.,"1. = strongly disagree, 6 = strongly agree",,,,,
Recovery community centers: Characteristics of new attendees and longitudinal investigation of the predictors and effects of participation,,,,NA,,,Item,Your counselor views your problems and situstions realistically.,0,0,multiple choice,logistic regression,nominal,NA,NA,1-6.,"1. = strongly disagree, 6 = strongly agree",,,,,
Recovery community centers: Characteristics of new attendees and longitudinal investigation of the predictors and effects of participation,,,,NA,,,Item,Your counselor helps you develop confidence in yourself.,0,0,multiple choice,logistic regression,nominal,NA,NA,1-6.,"1. = strongly disagree, 6 = strongly agree",,,,,
Recovery community centers: Characteristics of new attendees and longitudinal investigation of the predictors and effects of participation,,,,NA,,,Item,Your counselor respects you and your opinions.,0,0,multiple choice,logistic regression,nominal,NA,NA,1-6.,"1. = strongly disagree, 6 = strongly agree",,,,,
Recovery community centers: Characteristics of new attendees and longitudinal investigation of the predictors and effects of participation,,,,NA,,,Item,You can depend on your counselor's understanding.,0,0,multiple choice,logistic regression,nominal,NA,NA,1-6.,"1. = strongly disagree, 6 = strongly agree",,,,,
Recovery community centers: Characteristics of new attendees and longitudinal investigation of the predictors and effects of participation,,,,NA,,,Item,Your treatment plan has reasonable objectives.,0,0,multiple choice,logistic regression,nominal,NA,NA,1-6.,"1. = strongly disagree, 6 = strongly agree",,,,,
Recovery community centers: Characteristics of new attendees and longitudinal investigation of the predictors and effects of participation,,,,NA,,,Item,You are willing to talk about your feelings during counseling.,0,0,multiple choice,logistic regression,nominal,NA,NA,1-6.,"1. = strongly disagree, 6 = strongly agree",,,,,
Recovery community centers: Characteristics of new attendees and longitudinal investigation of the predictors and effects of participation,,,,NA,,,Item,You have made progress with your drug/alcohol problems.,0,0,multiple choice,logistic regression,nominal,NA,NA,1-6.,"1. = strongly disagree, 6 = strongly agree",,,,,
Recovery community centers: Characteristics of new attendees and longitudinal investigation of the predictors and effects of participation,,,,NA,,,Item,You have learned to analyze and plan ways to solve your problems.,0,0,multiple choice,logistic regression,nominal,NA,NA,1-6.,"1. = strongly disagree, 6 = strongly agree",,,,,
Recovery community centers: Characteristics of new attendees and longitudinal investigation of the predictors and effects of participation,,,,NA,,,Item,You have made progress toward your treatment program goals,0,0,multiple choice,logistic regression,nominal,NA,NA,1-6.,"1. = strongly disagree, 6 = strongly agree",,,,,
Recovery community centers: Characteristics of new attendees and longitudinal investigation of the predictors and effects of participation,,,,NA,,,Item,You always attend the counseling sessions scheduled for you.,0,0,multiple choice,logistic regression,nominal,NA,NA,1-6.,"1. = strongly disagree, 6 = strongly agree",,,,,
Recovery community centers: Characteristics of new attendees and longitudinal investigation of the predictors and effects of participation,,,,NA,,,Item,You have stopped or greatly reduced your drug use while in this program.,0,0,multiple choice,logistic regression,nominal,NA,NA,1-6.,"1. = strongly disagree, 6 = strongly agree",,,,,
Recovery community centers: Characteristics of new attendees and longitudinal investigation of the predictors and effects of participation,,,,NA,,,Item,You always participate actively in your counseling sessions.,0,0,multiple choice,logistic regression,nominal,NA,NA,1-6.,"1. = strongly disagree, 6 = strongly agree",,,,,
Recovery community centers: Characteristics of new attendees and longitudinal investigation of the predictors and effects of participation,,,,NA,,,Item,You have made progress in understanding your feelings and behavior.,0,0,multiple choice,logistic regression,nominal,NA,NA,1-6.,"1. = strongly disagree, 6 = strongly agree",,,,,
Recovery community centers: Characteristics of new attendees and longitudinal investigation of the predictors and effects of participation,,,,NA,,,Item,You have improved your relations with other people because of this treatment.,0,0,multiple choice,logistic regression,nominal,NA,NA,1-6.,"1. = strongly disagree, 6 = strongly agree",,,,,
Recovery community centers: Characteristics of new attendees and longitudinal investigation of the predictors and effects of participation,,,,NA,,,Item,You have made progess with your emotional and psychological issues.,0,0,multiple choice,logistic regression,nominal,NA,NA,1-6.,"1. = strongly disagree, 6 = strongly agree",,,,,
Recovery community centers: Characteristics of new attendees and longitudinal investigation of the predictors and effects of participation,,,,NA,,,Item,You give honest feedback during counseling.,0,0,multiple choice,logistic regression,nominal,NA,NA,1-6.,"1. = strongly disagree, 6 = strongly agree",,,,,
Recovery community centers: Characteristics of new attendees and longitudinal investigation of the predictors and effects of participation,,,,NA,,,Item,You are following your counselor's guidance.,0,0,multiple choice,logistic regression,nominal,NA,NA,1-6.,"1. = strongly disagree, 6 = strongly agree",,,,,
Recovery community centers: Characteristics of new attendees and longitudinal investigation of the predictors and effects of participation,,,,NA,,,Item,Other clients at this program care about you and your problems.,0,0,multiple choice,logistic regression,nominal,NA,NA,1-6.,"1. = strongly disagree, 6 = strongly agree",,,,,
Recovery community centers: Characteristics of new attendees and longitudinal investigation of the predictors and effects of participation,,,,NA,,,Item,Other clients at this program are helpful to you.,0,0,multiple choice,logistic regression,nominal,NA,NA,1-6.,"1. = strongly disagree, 6 = strongly agree",,,,,
Recovery community centers: Characteristics of new attendees and longitudinal investigation of the predictors and effects of participation,,,,NA,,,Item,You are similar to (or like) other clients of this program.,0,0,multiple choice,logistic regression,nominal,NA,NA,1-6.,"1. = strongly disagree, 6 = strongly agree",,,,,
Recovery community centers: Characteristics of new attendees and longitudinal investigation of the predictors and effects of participation,,,,NA,,,Item,You have developed positive trusting friendships while at this program.,0,0,multiple choice,logistic regression,nominal,NA,NA,1-6.,"1. = strongly disagree, 6 = strongly agree",,,,,
Recovery community centers: Characteristics of new attendees and longitudinal investigation of the predictors and effects of participation,,,,NA,,,Item,There is a sense of family (or community) in this program.,0,0,multiple choice,logistic regression,nominal,NA,NA,1-6.,"1. = strongly disagree, 6 = strongly agree",,,,,
Recovery community centers: Characteristics of new attendees and longitudinal investigation of the predictors and effects of participation,,,,NA,,,Item,You have people close to you who motivate and encourage your recovery.,0,0,multiple choice,logistic regression,nominal,NA,NA,1-6.,"1. = strongly disagree, 6 = strongly agree",,,,,
Recovery community centers: Characteristics of new attendees and longitudinal investigation of the predictors and effects of participation,,,,NA,,,Item,You have close family members who help you stay away from drugs.,0,0,multiple choice,logistic regression,nominal,NA,NA,1-6.,"1. = strongly disagree, 6 = strongly agree",,,,,
Recovery community centers: Characteristics of new attendees and longitudinal investigation of the predictors and effects of participation,,,,NA,,,Item,You have good friends who do not use drugs.,0,0,multiple choice,logistic regression,nominal,NA,NA,1-6.,"1. = strongly disagree, 6 = strongly agree",,,,,
Recovery community centers: Characteristics of new attendees and longitudinal investigation of the predictors and effects of participation,,,,NA,,,Item,You have people close to you who can always be trusted.,0,0,multiple choice,logistic regression,nominal,NA,NA,1-6.,"1. = strongly disagree, 6 = strongly agree",,,,,
Recovery community centers: Characteristics of new attendees and longitudinal investigation of the predictors and effects of participation,,,,NA,,,Item,You have people close to you who understand your situation and problems.,0,0,multiple choice,logistic regression,nominal,NA,NA,1-6.,"1. = strongly disagree, 6 = strongly agree",,,,,
Recovery community centers: Characteristics of new attendees and longitudinal investigation of the predictors and effects of participation,,,,NA,,,Item,You work in situations where drug use is common.,1,0,multiple choice,logistic regression,nominal,NA,NA,1-6.,"1. = strongly disagree, 6 = strongly agree",,,,,
Recovery community centers: Characteristics of new attendees and longitudinal investigation of the predictors and effects of participation,,,,NA,,,Item,You have people close to you who expect you to make positive changes in your life.,0,0,multiple choice,logistic regression,nominal,NA,NA,1-6.,"1. = strongly disagree, 6 = strongly agree",,,,,
Recovery community centers: Characteristics of new attendees and longitudinal investigation of the predictors and effects of participation,,,,NA,,,Item,You have people close to you who help you develop confidence in yourself.,0,0,multiple choice,logistic regression,nominal,NA,NA,1-6.,"1. = strongly disagree, 6 = strongly agree",,,,,
Recovery community centers: Characteristics of new attendees and longitudinal investigation of the predictors and effects of participation,,,,NA,,,Item,You have people close to you who respect you and your efforts in this program.,0,0,multiple choice,logistic regression,nominal,NA,NA,1-6.,"1. = strongly disagree, 6 = strongly agree",,,,,
,,,,,,,,,,,,,,,,,,,,,,
Recovery community centers: Characteristics of new attendees and longitudinal investigation of the predictors and effects of participation,it conceptualize health-related quality of life by capturing a person's pverall health staus across multiple broad dimensions of functioning.,,1,EURO-QOL,NA,NA,Scale,,,,,,,,,,,survey,"twice, baseline and 3 month followup","Silke Schmidt, Holger Mühlan, Mick Power, The EUROHIS-QOL 8-item index: psychometric results of a cross-cultural field study, European Journal of Public Health, Volume 16, Issue 4, August 2006, Pages 420–428, https://doi.org/10.1093/eurpub/cki155",,
Recovery community centers: Characteristics of new attendees and longitudinal investigation of the predictors and effects of participation,,,,NA,,,Item,How would you rate your quality of life?,0,0,multiple choice,logistic regression,nominal,NA,NA,1-5.,"1. = very dissatisfied, 5 = very satisfied",,,,,
Recovery community centers: Characteristics of new attendees and longitudinal investigation of the predictors and effects of participation,,,,NA,,,Item,How satisfied are you with your health?,0,0,multiple choice,logistic regression,nominal,NA,NA,1-5.,"1. = very dissatisfied, 5 = very satisfied",,,,,
Recovery community centers: Characteristics of new attendees and longitudinal investigation of the predictors and effects of participation,,,,NA,,,Item,Do you have enough energy for everyday life?,0,0,multiple choice,logistic regression,nominal,NA,NA,1-5.,"1. = very dissatisfied, 5 = very satisfied",,,,,
Recovery community centers: Characteristics of new attendees and longitudinal investigation of the predictors and effects of participation,,,,NA,,,Item,How satisfied are you with your ability to perform your daily activities?,0,0,multiple choice,logistic regression,nominal,NA,NA,1-5.,"1. = very dissatisfied, 5 = very satisfied",,,,,
Recovery community centers: Characteristics of new attendees and longitudinal investigation of the predictors and effects of participation,,,,NA,,,Item,How satisfied are you with yourself?,0,0,multiple choice,logistic regression,nominal,NA,NA,1-5.,"1. = very dissatisfied, 5 = very satisfied",,,,,
Recovery community centers: Characteristics of new attendees and longitudinal investigation of the predictors and effects of participation,,,,NA,,,Item,How satisfied are you with your personal relationships?,0,0,multiple choice,logistic regression,nominal,NA,NA,1-5.,"1. = very dissatisfied, 5 = very satisfied",,,,,
Recovery community centers: Characteristics of new attendees and longitudinal investigation of the predictors and effects of participation,,,,NA,,,Item,Have you enough money to meet your needs?,0,0,multiple choice,logistic regression,nominal,NA,NA,1-5.,"1. = very dissatisfied, 5 = very satisfied",,,,,
Recovery community centers: Characteristics of new attendees and longitudinal investigation of the predictors and effects of participation,,,,NA,,,Item,How satisfied are you with the conditions of your living place?,0,0,multiple choice,logistic regression,nominal,NA,NA,1-5.,"1. = very dissatisfied, 5 = very satisfied",,,,,
,,,,,,,,,,,,,,,,,,,,,,
Recovery community centers: Characteristics of new attendees and longitudinal investigation of the predictors and effects of participation,the client's self reported self esteem level,,1,Single Item Self Esteem Scale,NA,NA,Scale,,,,,,,,,,,survey,"twice, baseline and 3 month followup","Robins, R. W., Hendin, H. M., & Trzesniewski, K. H. (2001). Measuring Global Self-Esteem: Construct Validation of a Single-Item Measure and the Rosenberg Self-Esteem Scale. Personality and Social Psychology Bulletin, 27(2), 151-161. https://doi.org/10.1177/0146167201272002 (Original work published 2001)",,
Recovery community centers: Characteristics of new attendees and longitudinal investigation of the predictors and effects of participation,,,,NA,,,Item,I have high self esteem.,0,0,multiple choice,logistic regression,nominal,NA,NA,1-10.,"1 = not very true of me, 10 = very true of me",,,,,
,,,,,,,,,,,,,,,,,,,,,,
Recovery community centers: Characteristics of new attendees and longitudinal investigation of the predictors and effects of participation,general psychological distress,,1,Kessler-6,NA,NA,Scale,,,,,,,,,,,survey,"twice, baseline and 3 month followup","FURUKAWA TA, KESSLER RC, SLADE T, ANDREWS G. The performance of the K6 and K10 screening scales for psychological distress in the Australian National Survey of Mental Health and Well-Being. Psychological Medicine. 2003;33(2):357-362. doi:10.1017/S0033291702006700",,
Recovery community centers: Characteristics of new attendees and longitudinal investigation of the predictors and effects of participation,,,,,,,item,nervous?,0,0,multiple choice,logistic regression,nominal,During the past 30 days__,how often did you feel___,1-5.,"1 = all of the time, 2 = most of the time, 3 = some of the time, 4 = a little of the time, 5 = none of the time",,,,,
Recovery community centers: Characteristics of new attendees and longitudinal investigation of the predictors and effects of participation,,,,,,,item,hopeless?,0,0,multiple choice,logistic regression,nominal,During the past 30 days__,how often did you feel___,1-5.,"2 = all of the time, 2 = most of the time, 3 = some of the time, 4 = a little of the time, 5 = none of the time",,,,,
Recovery community centers: Characteristics of new attendees and longitudinal investigation of the predictors and effects of participation,,,,,,,item,restless or fidgety?,0,0,multiple choice,logistic regression,nominal,During the past 30 days__,how often did you feel___,1-5.,"3 = all of the time, 2 = most of the time, 3 = some of the time, 4 = a little of the time, 5 = none of the time",,,,,
Recovery community centers: Characteristics of new attendees and longitudinal investigation of the predictors and effects of participation,,,,,,,item,so depressed that nothing could cheer you up?,0,0,multiple choice,logistic regression,nominal,During the past 30 days__,how often did you feel___,1-5.,"4 = all of the time, 2 = most of the time, 3 = some of the time, 4 = a little of the time, 5 = none of the time",,,,,
Recovery community centers: Characteristics of new attendees and longitudinal investigation of the predictors and effects of participation,,,,,,,item,that everything was an effort?,0,0,multiple choice,logistic regression,nominal,During the past 30 days__,how often did you feel___,1-5.,"5 = all of the time, 2 = most of the time, 3 = some of the time, 4 = a little of the time, 5 = none of the time",,,,,
Recovery community centers: Characteristics of new attendees and longitudinal investigation of the predictors and effects of participation,,,,,,,item,worthless?,0,0,multiple choice,logistic regression,nominal,During the past 30 days__,how often did you feel___,1-5.,"6 = all of the time, 2 = most of the time, 3 = some of the time, 4 = a little of the time, 5 = none of the time",,,,,
,,,,,,,,,,,,,,,,,,,,,,
Recovery community centers: Characteristics of new attendees and longitudinal investigation of the predictors and effects of participation,time [in days] spent at in RCC in a specified period of time,,0,RCC engagement,NA,NA,Scale,,,,,,,,,,,survey,"twice, baseline and 3 month followup","Kelly JF, Fallah-Sohy N, Cristello J, Stout RL, Jason LA, Hoeppner BB. Recovery community centers: Characteristics of new attendees and longitudinal investigation of the predictors and effects of participation. J Subst Abuse Treat. 2021 May;124:108287. doi: 10.1016/j.jsat.2021.108287. Epub 2021 Jan 13. PMID: 33771284; PMCID: PMC8004554.",,
Recovery community centers: Characteristics of new attendees and longitudinal investigation of the predictors and effects of participation,,,,,,,Item,on how many days did you visit [your RCC]?,NA,0,time picker,logistic regression,nominal,In the past 3 months (90 days) __,NA,NA,# of days,,,,,
,,,,,,,,,,,,,,,,,,,,,,
Relationship of childhood abuse and household dysfunction to many of the leading causes of death in adults: Adverse Childhood Experiences (ACE) Study,What kinds of sexual abuse may have been experienced during childhood.,NA,1,sexual abuse during childhood,NA,NA,Scale,,,,,,,,,,,paper,twice,"Gail Elizabeth Wyatt, the sexual abuse of Afro-American and White-American women in childhood, Child Abuse & Neglect, Volume 9, Issue 4, 1985, Pages 505-519, ISSN 0145-2134, https://doi.org/10.1016/0145-2134(85)90060-2.",,
Relationship of childhood abuse and household dysfunction to many of the leading causes of death in adults: Adverse Childhood Experiences (ACE) Study,,,,NA,,,item,"During childhood and adolescence, did anyone ever expose themselves (their sexual orgrans) to you?",NA,0,free text,statistical analysis system,text,NA,NA,NA,NA,,,,,
Relationship of childhood abuse and household dysfunction to many of the leading causes of death in adults: Adverse Childhood Experiences (ACE) Study,,,,NA,,,item,"During childhood and adolescence, did anyone masturbate in front of you?",NA,0,free text,statistical analysis system,text,NA,NA,NA,NA,,,,,
Relationship of childhood abuse and household dysfunction to many of the leading causes of death in adults: Adverse Childhood Experiences (ACE) Study,,,,NA,,,item,"Did a relative, family friend or stranger ever touch or fondle your body, including your breasts or genitals, or attempt to arouse you sexually?",NA,0,free text,statistical analysis system,text,NA,NA,NA,NA,,,,,
Relationship of childhood abuse and household dysfunction to many of the leading causes of death in adults: Adverse Childhood Experiences (ACE) Study,,,,NA,,,item,"During childhood and adolesence, did anyone try to have you arouse them, or touch their body in a sexual way?",NA,0,free text,statistical analysis system,text,NA,NA,NA,NA,,,,,
Relationship of childhood abuse and household dysfunction to many of the leading causes of death in adults: Adverse Childhood Experiences (ACE) Study,,,,NA,,,item,Did anyone rub their genitals against your body in a sexual way?,NA,0,free text,statistical analysis system,text,NA,NA,NA,NA,,,,,
Relationship of childhood abuse and household dysfunction to many of the leading causes of death in adults: Adverse Childhood Experiences (ACE) Study,,,,NA,,,item,"During childhood and adolescence, did anyone attempt to have intercourse with you?",NA,0,free text,statistical analysis system,text,NA,NA,NA,NA,,,,,
Relationship of childhood abuse and household dysfunction to many of the leading causes of death in adults: Adverse Childhood Experiences (ACE) Study,,,,NA,,,item,Did anyone have intercourse with you?,NA,0,free text,statistical analysis system,text,NA,NA,NA,NA,,,,,
Relationship of childhood abuse and household dysfunction to many of the leading causes of death in adults: Adverse Childhood Experiences (ACE) Study,,,,NA,,,item,"Did you have any other sexual experiences involving a relative, family friend, or stranger?",NA,0,free text,statistical analysis system,text,NA,NA,NA,NA,,,,,
cannot find the conflicts tactics scale and national health interview survey 1988 and diagnostic interview schedule of the national institute of mental health scale,,,,,,,,,,,,,,,,,,,,,,
Relationship of childhood abuse and household dysfunction to many of the leading causes of death in adults: Adverse Childhood Experiences (ACE) Study,,NA,1,Conflict Tactics Scale,NA,"Reasoning, Verbal Aggression, Physical Violence",Scale,,,,,,,,,,,,,,,
Relationship of childhood abuse and household dysfunction to many of the leading causes of death in adults: Adverse Childhood Experiences (ACE) Study,,,,Reasoning,Conflict Tactics Scale,NA,,,,,,,,,,,,,,,,
Relationship of childhood abuse and household dysfunction to many of the leading causes of death in adults: Adverse Childhood Experiences (ACE) Study,,,,Verbal Aggresion,Conflict Tactics Scale,NA,,,,,,,,,,,,,,,,
Relationship of childhood abuse and household dysfunction to many of the leading causes of death in adults: Adverse Childhood Experiences (ACE) Study,,,,Physical Violence,Conflict Tactics Scale,NA,,,,,,,,,,,,,,,,
Relationship of childhood abuse and household dysfunction to many of the leading causes of death in adults: Adverse Childhood Experiences (ACE) Study,,,,,,,Item, ,,,,,,,,,,,,,,
Relationship of childhood abuse and household dysfunction to many of the leading causes of death in adults: Adverse Childhood Experiences (ACE) Study,,,,,,,,,,,,,,,,,,,,,,
Relationship of childhood abuse and household dysfunction to many of the leading causes of death in adults: Adverse Childhood Experiences (ACE) Study,,,,,,,,,,,,,,,,,,,,,,
Relationship of childhood abuse and household dysfunction to many of the leading causes of death in adults: Adverse Childhood Experiences (ACE) Study,,,,,,,,,,,,,,,,,,,,,,
Relationship of childhood abuse and household dysfunction to many of the leading causes of death in adults: Adverse Childhood Experiences (ACE) Study,,,,,,,,,,,,,,,,,,,,,,
Relationship of childhood abuse and household dysfunction to many of the leading causes of death in adults: Adverse Childhood Experiences (ACE) Study,,,,,,,,,,,,,,,,,,,,,,
Relationship of childhood abuse and household dysfunction to many of the leading causes of death in adults: Adverse Childhood Experiences (ACE) Study,,,,,,,,,NA,0,multiple choice,statistical analysis system,nominal,NA,NA,NA,"yes if (a) a discrete episode or (b) characterized by feelings of apprehension, fearfulness, or sense of doom; or (c) included a minimum of four characteristic symptoms out of 12 (DSM) or four out of six (Feighner), or three out of then (RDC), or (d) it was sufficiently sever to lead to see a physican, taking medication more than once, or interfering significantly with a person's life, or (e) it was not explainable by physical exertion, a life-threatening situation, or a physical disorder.",,,,,
Relationship of childhood abuse and household dysfunction to many of the leading causes of death in adults: Adverse Childhood Experiences (ACE) Study,,,,,,                                ,,,NA,0,multiple choice,statistical analysis system,nominal,NA,NA,NA,"yes if there is a history of at least three (DSM-III) or six (Feighner, RDC) attacks.",,,,,
Relationship of childhood abuse and household dysfunction to many of the leading causes of death in adults: Adverse Childhood Experiences (ACE) Study,,,,,,,,,NA,0,multiple choice,statistical analysis system,nominal,NA,NA,NA,yes if three occurred in three weeks (DSM-III only),,,,,
Relationship of childhood abuse and household dysfunction to many of the leading causes of death in adults: Adverse Childhood Experiences (ACE) Study,,,,,,,,,NA,0,multiple choice,statistical analysis system,nominal,NA,NA,NA,yes if attacks occurred in six different weeks (Feighner) or over a period of six weeks (RDC)?,,,,,
Relationship of childhood abuse and household dysfunction to many of the leading causes of death in adults: Adverse Childhood Experiences (ACE) Study,,,,,,,,,NA,0,multiple choice,statistical analysis system,nominal,NA,NA,NA,yes if the attacks occurred before 40 years (Feighner),,,,,
Relationship of childhood abuse and household dysfunction to many of the leading causes of death in adults: Adverse Childhood Experiences (ACE) Study,,,,,,,,,NA,0,multiple choice,statistical analysis system,nominal,NA,NA,NA,"no if the attacks were not part of a major depressive disorder, somatization disorder, or schizophrenia (DSM-III); if the first attack preceded symptoms of any other disorder by at least two years (Feighner); or if the attacks did not occur within two months of an episode of depression, schizophrenia, or schizoaffective disorder (RDC)",,,,,
Relationship of childhood abuse and household dysfunction to many of the leading causes of death in adults: Adverse Childhood Experiences (ACE) Study,,,,,,,,,NA,0,multiple choice,statistical analysis system,nominal,NA,NA,NA,yes according to Feighner and RDC,,,,,
,,,,,,,,,,,,,,,,,,,,,,
Ecological momentary assessment of affect and craving in patients in treatment for prescription opioid dependence,frequency and intensity of drug cravings over a period of time,NA,0,Craving,NA,NA,Scale,,,,,,,,,,,online,4x a day,"Huhn AS, Harris J, Cleveland HH, Lydon DM, Stankoski D, Cleveland MJ, … Bunce SC (2016). Ecological momentary assessment of affect and craving in patients in treatment for prescription opioid dependence. Brain Research Bulletin, 123, 94–101. 10.1016/j.brainresbull.2016.01.012",,
Ecological momentary assessment of affect and craving in patients in treatment for prescription opioid dependence,,,,NA,,,Item,"Dince last data entry, how frequent are your drug cravings?",NA,0,multiple choice,multilevel models,nominal,since last data entry,NA,1-100,no cravings to very frequent,,,,,
Ecological momentary assessment of affect and craving in patients in treatment for prescription opioid dependence,,,,NA,,,Item,"Since last data entry, how intense are your drug cravings?",NA,0,multiple choice,multilevel models,nominal,Since last data entry,NA,1-100,no cravings to very intense,,,,,
,,,,,,,,,,,,,,,,,,,,,,
Ecological momentary assessment of affect and craving in patients in treatment for prescription opioid dependence,"How participant is feeling since last time taking survey, focusing only on positive feelings",NA,0,Positive Affect,NA,NA,Scale,,,,,,,,,,,online,4x a day,"Huhn AS, Harris J, Cleveland HH, Lydon DM, Stankoski D, Cleveland MJ, … Bunce SC (2016). Ecological momentary assessment of affect and craving in patients in treatment for prescription opioid dependence. Brain Research Bulletin, 123, 94–101. 10.1016/j.brainresbull.2016.01.012",,
Ecological momentary assessment of affect and craving in patients in treatment for prescription opioid dependence,,,,NA,,,Item,Warmhearted,NA,0,multiple choice,multilevel models,nominal,NA,NA,unknown,unknown,,,,,
Ecological momentary assessment of affect and craving in patients in treatment for prescription opioid dependence,,,,NA,,,Item,Joyful,NA,0,multiple choice,multilevel models,nominal,NA,NA,unknown,unknown,,,,,
Ecological momentary assessment of affect and craving in patients in treatment for prescription opioid dependence,,,,NA,,,Item,Enthusiastic,NA,0,multiple choice,multilevel models,nominal,NA,NA,unknown,unknown,,,,,
Ecological momentary assessment of affect and craving in patients in treatment for prescription opioid dependence,,,,NA,,,Item,Happy,NA,0,multiple choice,multilevel models,nominal,NA,NA,unknown,unknown,,,,,
Ecological momentary assessment of affect and craving in patients in treatment for prescription opioid dependence,,,,NA,,,Item,Affectionate,NA,0,multiple choice,multilevel models,nominal,NA,NA,unknown,unknown,,,,,
Ecological momentary assessment of affect and craving in patients in treatment for prescription opioid dependence,,,,NA,,,Item,Loving,NA,0,multiple choice,multilevel models,nominal,NA,NA,unknown,unknown,,,,,
Ecological momentary assessment of affect and craving in patients in treatment for prescription opioid dependence,,,,NA,,,Item,Relaxed,NA,0,multiple choice,multilevel models,nominal,NA,NA,unknown,unknown,,,,,
Ecological momentary assessment of affect and craving in patients in treatment for prescription opioid dependence,,,,NA,,,Item,Calm,NA,0,multiple choice,multilevel models,nominal,NA,NA,unknown,unknown,,,,,
,,,,,,,,,,,,,,,,,,,,,,
Ecological momentary assessment of affect and craving in patients in treatment for prescription opioid dependence,"How participant is feeling since last time taking survey, focusing only on negative feelings",NA,0,Negative Affect,NA,NA,Scale,,,,,,,,,,,online,4x a day,"Huhn AS, Harris J, Cleveland HH, Lydon DM, Stankoski D, Cleveland MJ, … Bunce SC (2016). Ecological momentary assessment of affect and craving in patients in treatment for prescription opioid dependence. Brain Research Bulletin, 123, 94–101. 10.1016/j.brainresbull.2016.01.012",,
Ecological momentary assessment of affect and craving in patients in treatment for prescription opioid dependence,,,,NA,,,Item,Angry,NA,0,multiple choice,multilevel models,nominal,NA,NA,unknown,unknown,,,,,
Ecological momentary assessment of affect and craving in patients in treatment for prescription opioid dependence,,,,NA,,,Item,Irritable,NA,0,multiple choice,multilevel models,nominal,NA,NA,unknown,unknown,,,,,
Ecological momentary assessment of affect and craving in patients in treatment for prescription opioid dependence,,,,NA,,,Item,Lonely,NA,0,multiple choice,multilevel models,nominal,NA,NA,unknown,unknown,,,,,
Ecological momentary assessment of affect and craving in patients in treatment for prescription opioid dependence,,,,NA,,,Item,Sad,NA,0,multiple choice,multilevel models,nominal,NA,NA,unknown,unknown,,,,,
Ecological momentary assessment of affect and craving in patients in treatment for prescription opioid dependence,,,,NA,,,Item,Guilty,NA,0,multiple choice,multilevel models,nominal,NA,NA,unknown,unknown,,,,,
Ecological momentary assessment of affect and craving in patients in treatment for prescription opioid dependence,,,,NA,,,Item,Ashamed,NA,0,multiple choice,multilevel models,nominal,NA,NA,unknown,unknown,,,,,
Ecological momentary assessment of affect and craving in patients in treatment for prescription opioid dependence,,,,NA,,,Item,Anxious,NA,0,multiple choice,multilevel models,nominal,NA,NA,unknown,unknown,,,,,
Ecological momentary assessment of affect and craving in patients in treatment for prescription opioid dependence,,,,NA,,,Item,Stressed,NA,0,multiple choice,multilevel models,nominal,NA,NA,unknown,unknown,,,,,
,,,,,,,,,,,,,,,,,,,,,,
Daily meaningfulness among patients with opioid use disorder: Examining the role of social experiences during residential treatment and links with post-treatment relapse,How meaningful and purposeful the participants day felt to them,NA,0,End-of-Day meaningfulness,NA,NA,Scale,,,,,,,,,,,online,4x a day,"Knapp, K. S., Brick, T. R., Bunce, S. C., Deneke, E., & Cleveland, H. H. (2021). Daily meaningfulness among patients with opioid use disorder: Examining the role of social experiences during residential treatment and links with post-treatment relapse. Addictive behaviors, 119, 106914. https://doi.org/10.1016/j.addbeh.2021.106914 ","author cites scale as being similar to: Michael F. Steger, Todd B. Kashdan, Shigehiro Oishi. Being good by doing good: Daily eudaimonic activity and well-being. Journal of Research in Personality. Volume 42, Issue 1, 2008, Pages 22-42,. ISSN 0092-6566. https://doi.org/10.1016/j.jrp.2007.03.004.",
Daily meaningfulness among patients with opioid use disorder: Examining the role of social experiences during residential treatment and links with post-treatment relapse,,,,NA,,,Item,"Overall, how meaningful was your day?",NA,0,Slider,multilevel models,nominal,NA,"overall, __",1-100,"0 = not at all, 100 = very",,,,,
Daily meaningfulness among patients with opioid use disorder: Examining the role of social experiences during residential treatment and links with post-treatment relapse,,,,NA,,,Item,"Overall, how gratifying was your day?",NA,0,Slider,multilevel models,nominal,NA,"overall, __",1-100,"0 = not at all, 100 = very",,,,,
Daily meaningfulness among patients with opioid use disorder: Examining the role of social experiences during residential treatment and links with post-treatment relapse,,,,NA,,,Item,"Overall, how fulfilling was your day?",NA,0,Slider,multilevel models,nominal,NA,"overall, __",1-100,"0 = not at all, 100 = very",,,,,
Daily meaningfulness among patients with opioid use disorder: Examining the role of social experiences during residential treatment and links with post-treatment relapse,,,,NA,,,Item,"Overall, how purposeful was your day?",NA,0,Slider,multilevel models,nominal,NA,"overall, __",1-100,"0 = not at all, 100 = very",,,,,
,,,,,,,,,,,,,,,,,,,,,,
Daily meaningfulness among patients with opioid use disorder: Examining the role of social experiences during residential treatment and links with post-treatment relapse,"the frequency of negative interpersonal behaviors that are harmful, stressful, or unpleasant interactions that people experience in their close social relationships.",NA,1,Test of Negative Social Exchange scale,NA,"Hostility/impatience, Insenstivity, Interference",Scale,,,,,,,,,,,online,3x a day,"Ruehlman, L. S., & Karoly, P. (1991). With a little flak from my friends: Development and preliminary validation of the test of negative social exchange (TENSE). Psychological Assessment: A Journal of Consulting and Clinical Psychology, 3(1), 97-104. doi:https://doi.org/10.1037/1040-3590.3.1.97",,
Daily meaningfulness among patients with opioid use disorder: Examining the role of social experiences during residential treatment and links with post-treatment relapse,,,,Hostility/Impatience,Test of Negative Social Exchange scale,NA,,,,,,,,,,,,,,,,
Daily meaningfulness among patients with opioid use disorder: Examining the role of social experiences during residential treatment and links with post-treatment relapse,,,,Insensitivity,Test of Negative Social Exchange scale,NA,,,,,,,,,,,,,,,,
Daily meaningfulness among patients with opioid use disorder: Examining the role of social experiences during residential treatment and links with post-treatment relapse,,,,Interference,Test of Negative Social Exchange scale,NA,,,,,,,,,,,,,,,,
Daily meaningfulness among patients with opioid use disorder: Examining the role of social experiences during residential treatment and links with post-treatment relapse,,,,NA,,,Item,Lost his or her temper with me.,0,0,multiple choice,multilevel models,nominal,During the past month __,How often have people close to you acted toward you in the following negative ways?,1-5.,"1. = never, 2 = rarely, 3 = sometimes, 4 = often, 5 = very often",,,,,
Daily meaningfulness among patients with opioid use disorder: Examining the role of social experiences during residential treatment and links with post-treatment relapse,,,,NA,,,Item,Yelled at me.,0,0,multiple choice,multilevel models,nominal,During the past month __,How often have people close to you acted toward you in the following negative ways?,1-5.,"1. = never, 2 = rarely, 3 = sometimes, 4 = often, 5 = very often",,,,,
Daily meaningfulness among patients with opioid use disorder: Examining the role of social experiences during residential treatment and links with post-treatment relapse,,,,NA,,,Item,Was angry with me.,0,0,multiple choice,multilevel models,nominal,During the past month __,How often have people close to you acted toward you in the following negative ways?,1-5.,"1. = never, 2 = rarely, 3 = sometimes, 4 = often, 5 = very often",,,,,
Daily meaningfulness among patients with opioid use disorder: Examining the role of social experiences during residential treatment and links with post-treatment relapse,,,,NA,,,Item,Was impatient with me.,0,0,multiple choice,multilevel models,nominal,During the past month __,How often have people close to you acted toward you in the following negative ways?,1-5.,"1. = never, 2 = rarely, 3 = sometimes, 4 = often, 5 = very often",,,,,
Daily meaningfulness among patients with opioid use disorder: Examining the role of social experiences during residential treatment and links with post-treatment relapse,,,,NA,,,Item,Nagged me.,0,0,multiple choice,multilevel models,nominal,During the past month __,How often have people close to you acted toward you in the following negative ways?,1-5.,"1. = never, 2 = rarely, 3 = sometimes, 4 = often, 5 = very often",,,,,
Daily meaningfulness among patients with opioid use disorder: Examining the role of social experiences during residential treatment and links with post-treatment relapse,,,,NA,,,Item,Disagreed with me.,0,0,multiple choice,multilevel models,nominal,During the past month __,How often have people close to you acted toward you in the following negative ways?,1-5.,"1. = never, 2 = rarely, 3 = sometimes, 4 = often, 5 = very often",,,,,
Daily meaningfulness among patients with opioid use disorder: Examining the role of social experiences during residential treatment and links with post-treatment relapse,,,,NA,,,Item,Took me for granted.,0,0,multiple choice,multilevel models,nominal,During the past month __,How often have people close to you acted toward you in the following negative ways?,1-5.,"1. = never, 2 = rarely, 3 = sometimes, 4 = often, 5 = very often",,,,,
Daily meaningfulness among patients with opioid use disorder: Examining the role of social experiences during residential treatment and links with post-treatment relapse,,,,NA,,,Item,Took advantage of me.,0,0,multiple choice,multilevel models,nominal,During the past month __,How often have people close to you acted toward you in the following negative ways?,1-5.,"1. = never, 2 = rarely, 3 = sometimes, 4 = often, 5 = very often",,,,,
Daily meaningfulness among patients with opioid use disorder: Examining the role of social experiences during residential treatment and links with post-treatment relapse,,,,NA,,,Item,Was inconsiderate.,0,0,multiple choice,multilevel models,nominal,During the past month __,How often have people close to you acted toward you in the following negative ways?,1-5.,"1. = never, 2 = rarely, 3 = sometimes, 4 = often, 5 = very often",,,,,
Daily meaningfulness among patients with opioid use disorder: Examining the role of social experiences during residential treatment and links with post-treatment relapse,,,,NA,,,Item,Ignored my wishes or needs.,0,0,multiple choice,multilevel models,nominal,During the past month __,How often have people close to you acted toward you in the following negative ways?,1-5.,"1. = never, 2 = rarely, 3 = sometimes, 4 = often, 5 = very often",,,,,
Daily meaningfulness among patients with opioid use disorder: Examining the role of social experiences during residential treatment and links with post-treatment relapse,,,,NA,,,Item,Took my feelings lightly.,0,0,multiple choice,multilevel models,nominal,During the past month __,How often have people close to you acted toward you in the following negative ways?,1-5.,"1. = never, 2 = rarely, 3 = sometimes, 4 = often, 5 = very often",,,,,
Daily meaningfulness among patients with opioid use disorder: Examining the role of social experiences during residential treatment and links with post-treatment relapse,,,,NA,,,Item,Distracted me when I was doing something important.,0,0,multiple choice,multilevel models,nominal,During the past month __,How often have people close to you acted toward you in the following negative ways?,1-5.,"1. = never, 2 = rarely, 3 = sometimes, 4 = often, 5 = very often",,,,,
Daily meaningfulness among patients with opioid use disorder: Examining the role of social experiences during residential treatment and links with post-treatment relapse,,,,NA,,,Item,Was too demanding of my attention.,0,0,multiple choice,multilevel models,nominal,During the past month __,How often have people close to you acted toward you in the following negative ways?,1-5.,"1. = never, 2 = rarely, 3 = sometimes, 4 = often, 5 = very often",,,,,
Daily meaningfulness among patients with opioid use disorder: Examining the role of social experiences during residential treatment and links with post-treatment relapse,,,,NA,,,Item,Invaded my privacy.,0,0,multiple choice,multilevel models,nominal,During the past month __,How often have people close to you acted toward you in the following negative ways?,1-5.,"1. = never, 2 = rarely, 3 = sometimes, 4 = often, 5 = very often",,,,,
Daily meaningfulness among patients with opioid use disorder: Examining the role of social experiences during residential treatment and links with post-treatment relapse,,,,NA,,,Item,Prevented me from working on my goals.,0,0,multiple choice,multilevel models,nominal,During the past month __,How often have people close to you acted toward you in the following negative ways?,1-5.,"1. = never, 2 = rarely, 3 = sometimes, 4 = often, 5 = very often",,,,,
Daily meaningfulness among patients with opioid use disorder: Examining the role of social experiences during residential treatment and links with post-treatment relapse,,,,NA,,,Item,Made fun of me.,0,0,multiple choice,multilevel models,nominal,During the past month __,How often have people close to you acted toward you in the following negative ways?,1-5.,"1. = never, 2 = rarely, 3 = sometimes, 4 = often, 5 = very often",,,,,
Daily meaningfulness among patients with opioid use disorder: Examining the role of social experiences during residential treatment and links with post-treatment relapse,,,,NA,,,Item,Laughed at me.,0,0,multiple choice,multilevel models,nominal,During the past month __,How often have people close to you acted toward you in the following negative ways?,1-5.,"1. = never, 2 = rarely, 3 = sometimes, 4 = often, 5 = very often",,,,,
Daily meaningfulness among patients with opioid use disorder: Examining the role of social experiences during residential treatment and links with post-treatment relapse,,,,NA,,,Item,Gossiped about me.,0,0,multiple choice,multilevel models,nominal,During the past month __,How often have people close to you acted toward you in the following negative ways?,1-5.,"1. = never, 2 = rarely, 3 = sometimes, 4 = often, 5 = very often",,,,,
,,,,,,,,,,,,,,,,,,,,,,
Daily meaningfulness among patients with opioid use disorder: Examining the role of social experiences during residential treatment and links with post-treatment relapse,,,,Positive Social experiences,NA,NA,Scale,,,,,,,,,,,online,3x a day,"Knapp, K. S., Brick, T. R., Bunce, S. C., Deneke, E., & Cleveland, H. H. (2021). Daily meaningfulness among patients with opioid use disorder: Examining the role of social experiences during residential treatment and links with post-treatment relapse. Addictive behaviors, 119, 106914. https://doi.org/10.1016/j.addbeh.2021.106914 ","questions based on study from: H.H. Cleveland, K.S. Harris, R.P. Wiebe
Substance abuse recovery in college: Community supported abstinence
Springer Science & Business Media (2010)",
Daily meaningfulness among patients with opioid use disorder: Examining the role of social experiences during residential treatment and links with post-treatment relapse,,,,,,,Item,compliment you.,NA,0,unknown,multilevel models,nominal,Since last data entry __,__ did someone __,unknown,unknown,,,,,
Daily meaningfulness among patients with opioid use disorder: Examining the role of social experiences during residential treatment and links with post-treatment relapse,,,,,,,Item,show you that they cared about you.,NA,0,unknown,multilevel models,nominal,Since last data entry __,__ did someone __,unknown,unknown,,,,,
Daily meaningfulness among patients with opioid use disorder: Examining the role of social experiences during residential treatment and links with post-treatment relapse,,,,,,,Item,let you know they understand your stress.,NA,0,unknown,multilevel models,nominal,Since last data entry __,__ did someone __,unknown,unknown,,,,,
,,,,,,,,,,,,,,,,,,,,,,
Being good by doing good: Daily eudaimonic activity and well-being,,,,Meaning in Life Questionnaire,NA,"Presence of meaning, search for meaning",Scale,,,,,,,,,,,online survey,2 questionnaires 22 days apart and daily logs,"Steger, M. F., Kashdan, T. B., & Oishi, S. (2008). Being good by doing good: Daily eudaimonic activity and well-being. Journal of research in personality, 42(1), 22-42. ",,
Being good by doing good: Daily eudaimonic activity and well-being,,,,Presence of meaning,Meaning in Life Questionnaire,NA,,,,,,,,,,,,,,,,
Being good by doing good: Daily eudaimonic activity and well-being,,,,Search for meaning,Meaning in Life Questionnaire,NA,,,,,,,,,,,,,,,,
Being good by doing good: Daily eudaimonic activity and well-being,,,,NA,,,Item,I understand my life's meaning.,0,0,multiple choice,factor analysis,nominal,NA,NA,1-7.,"1 = absolutely untrue, 2 = mostly untrue, 3 = somewhat untrue, 4 = can't say true or false, 5 = somewhat true, 6 = mostly true, 7 = absolutely true",,,,,
Being good by doing good: Daily eudaimonic activity and well-being,,,,NA,,,Item,I am looking for something that makes my life feel meaningful.,0,0,multiple choice,factor analysis,nominal,NA,NA,1-7.,"1 = absolutely untrue, 2 = mostly untrue, 3 = somewhat untrue, 4 = can't say true or false, 5 = somewhat true, 6 = mostly true, 7 = absolutely true",,,,,
Being good by doing good: Daily eudaimonic activity and well-being,,,,NA,,,Item,I am always looking to find my life's purpose.,0,0,multiple choice,factor analysis,nominal,NA,NA,1-7.,"1 = absolutely untrue, 2 = mostly untrue, 3 = somewhat untrue, 4 = can't say true or false, 5 = somewhat true, 6 = mostly true, 7 = absolutely true",,,,,
Being good by doing good: Daily eudaimonic activity and well-being,,,,NA,,,Item,My life has a clear sense of purpose.,0,0,multiple choice,factor analysis,nominal,NA,NA,1-7.,"1 = absolutely untrue, 2 = mostly untrue, 3 = somewhat untrue, 4 = can't say true or false, 5 = somewhat true, 6 = mostly true, 7 = absolutely true",,,,,
Being good by doing good: Daily eudaimonic activity and well-being,,,,NA,,,Item,I have a good sense of what makes my life meaningful.,0,0,multiple choice,factor analysis,nominal,NA,NA,1-7.,"1 = absolutely untrue, 2 = mostly untrue, 3 = somewhat untrue, 4 = can't say true or false, 5 = somewhat true, 6 = mostly true, 7 = absolutely true",,,,,
Being good by doing good: Daily eudaimonic activity and well-being,,,,NA,,,Item,I have discovered a satisfying life purpose.,0,0,multiple choice,factor analysis,nominal,NA,NA,1-7.,"1 = absolutely untrue, 2 = mostly untrue, 3 = somewhat untrue, 4 = can't say true or false, 5 = somewhat true, 6 = mostly true, 7 = absolutely true",,,,,
Being good by doing good: Daily eudaimonic activity and well-being,,,,NA,,,Item,I am always searching for something that makes my life feel significant.,0,0,multiple choice,factor analysis,nominal,NA,NA,1-7.,"1 = absolutely untrue, 2 = mostly untrue, 3 = somewhat untrue, 4 = can't say true or false, 5 = somewhat true, 6 = mostly true, 7 = absolutely true",,,,,
Being good by doing good: Daily eudaimonic activity and well-being,,,,NA,,,Item,I am seeking a purpose or mission for my life.,0,0,multiple choice,factor analysis,nominal,NA,NA,1-7.,"1 = absolutely untrue, 2 = mostly untrue, 3 = somewhat untrue, 4 = can't say true or false, 5 = somewhat true, 6 = mostly true, 7 = absolutely true",,,,,
Being good by doing good: Daily eudaimonic activity and well-being,,,,NA,,,Item,My life has no clear purpose.,1,0,multiple choice,factor analysis,nominal,NA,NA,1-7.,"1 = absolutely untrue, 2 = mostly untrue, 3 = somewhat untrue, 4 = can't say true or false, 5 = somewhat true, 6 = mostly true, 7 = absolutely true",,,,,
Being good by doing good: Daily eudaimonic activity and well-being,,,,NA,,,Item,I am searching for meaning in my life.,0,0,multiple choice,factor analysis,nominal,NA,NA,1-7.,"1 = absolutely untrue, 2 = mostly untrue, 3 = somewhat untrue, 4 = can't say true or false, 5 = somewhat true, 6 = mostly true, 7 = absolutely true",,,,,
,,,,,,,,,,,,,,,,,,,,,,
Being good by doing good: Daily eudaimonic activity and well-being,"global life satisfaction, a person's cognitive reflective evaluation of their life as a whole.",NA,1,The Satisfaction with Life Scale,NA,NA,Scale,,,,,,,,,,,online survey,2 questionnaires 22 days apart and daily logs,"Diener, E., Emmons, R. A., Larsen, R. J., & Griffin, S. (1985). The Satisfaction With Life Scale. Journal of Personality Assessment, 49(1), 71–75. https://doi.org/10.1207/s15327752jpa4901_13",,
Being good by doing good: Daily eudaimonic activity and well-being,,,,NA,,,Item,In most ways my lige is close to my ideal.,0,0,multiple choice,factor analysis,nominal,NA,NA,1-7.,"1 = absolutely untrue, 2 = mostly untrue, 3 = somewhat untrue, 4 = can't say true or false, 5 = somewhat true, 6 = mostly true, 7 = absolutely true",,,,,
Being good by doing good: Daily eudaimonic activity and well-being,,,,NA,,,Item,The conditions of my life are excellent.,0,0,multiple choice,factor analysis,nominal,NA,NA,1-7.,"1 = absolutely untrue, 2 = mostly untrue, 3 = somewhat untrue, 4 = can't say true or false, 5 = somewhat true, 6 = mostly true, 7 = absolutely true",,,,,
Being good by doing good: Daily eudaimonic activity and well-being,,,,NA,,,Item,I am satisfied with my life.,0,0,multiple choice,factor analysis,nominal,NA,NA,1-7.,"1 = absolutely untrue, 2 = mostly untrue, 3 = somewhat untrue, 4 = can't say true or false, 5 = somewhat true, 6 = mostly true, 7 = absolutely true",,,,,
Being good by doing good: Daily eudaimonic activity and well-being,,,,NA,,,Item,So far I have gotten the important things I want in life.,0,0,multiple choice,factor analysis,nominal,NA,NA,1-7.,"1 = absolutely untrue, 2 = mostly untrue, 3 = somewhat untrue, 4 = can't say true or false, 5 = somewhat true, 6 = mostly true, 7 = absolutely true",,,,,
Being good by doing good: Daily eudaimonic activity and well-being,,,,NA,,,Item,"If I could live my life over, I would change almost nothing.",0,0,multiple choice,factor analysis,nominal,NA,NA,1-7.,"1 = absolutely untrue, 2 = mostly untrue, 3 = somewhat untrue, 4 = can't say true or false, 5 = somewhat true, 6 = mostly true, 7 = absolutely true",,,,,
,,,,,,,,,,,,,,,,,,,,,,
Being good by doing good: Daily eudaimonic activity and well-being,,,,Positive and Negative Affect Schedule (PANAS),NA,"positive affect, negative affect",Scale,,,,,,,,,,,,,,,
Being good by doing good: Daily eudaimonic activity and well-being,,,,Positive Affect,Positive and Negative Affect Schedule (PANAS),NA,,,,,,,,,,,,,,,,
Being good by doing good: Daily eudaimonic activity and well-being,to be a measure of positive and negative affect,NA,1,Negative Affect,Positive and Negative Affect Schedule (PANAS),NA,,,,,,,,,,,,online survey,2 questionnaires 22 days apart and daily logs,"Feldman, L. A. (1995). Valence focus and arousal focus: Individual differences in the structure of affective experience. Journal of Personality and Social Psychology: Personality Processes and Individual Differences, 69(1), 153-166. doi:https://doi.org/10.1037/0022-3514.69.1.153",,
Being good by doing good: Daily eudaimonic activity and well-being,,,,NA,,,Item,Indicate the extent you have felt this way over the past week: Interested.,NA,0,multiple choice,factor analysis,ordinal,Over the past week,Indicate to what extent you,1-5.,"very slightly or not at all, a little, moderately, quite a bit, extremely",,,,,
Being good by doing good: Daily eudaimonic activity and well-being,,,,NA,,,Item,Indicate the extent you have felt this way over the past week: Distressed.,NA,0,multiple choice,factor analysis,ordinal,Over the past week,Indicate to what extent you,1-5.,"very slightly or not at all, a little, moderately, quite a bit, extremely",,,,,
Being good by doing good: Daily eudaimonic activity and well-being,,,,NA,,,Item,Indicate the extent you have felt this way over the past week: Excited.,NA,0,multiple choice,factor analysis,ordinal,Over the past week,Indicate to what extent you,1-5.,"very slightly or not at all, a little, moderately, quite a bit, extremely",,,,,
Being good by doing good: Daily eudaimonic activity and well-being,,,,NA,,,Item,Indicate the extent you have felt this way over the past week: Upset.,NA,0,multiple choice,factor analysis,ordinal,Over the past week,Indicate to what extent you,1-5.,"very slightly or not at all, a little, moderately, quite a bit, extremely",,,,,
Being good by doing good: Daily eudaimonic activity and well-being,,,,NA,,,Item,Indicate the extent you have felt this way over the past week: Strong.,NA,0,multiple choice,factor analysis,ordinal,Over the past week,Indicate to what extent you,1-5.,"very slightly or not at all, a little, moderately, quite a bit, extremely",,,,,
Being good by doing good: Daily eudaimonic activity and well-being,,,,NA,,,Item,Indicate the extent you have felt this way over the past week: Guilty.,NA,0,multiple choice,factor analysis,ordinal,Over the past week,Indicate to what extent you,1-5.,"very slightly or not at all, a little, moderately, quite a bit, extremely",,,,,
Being good by doing good: Daily eudaimonic activity and well-being,,,,NA,,,Item,Indicate the extent you have felt this way over the past week: Scared.,NA,0,multiple choice,factor analysis,ordinal,Over the past week,Indicate to what extent you,1-5.,"very slightly or not at all, a little, moderately, quite a bit, extremely",,,,,
Being good by doing good: Daily eudaimonic activity and well-being,,,,NA,,,Item,Indicate the extent you have felt this way over the past week: Hostile.,NA,0,multiple choice,factor analysis,ordinal,Over the past week,Indicate to what extent you,1-5.,"very slightly or not at all, a little, moderately, quite a bit, extremely",,,,,
Being good by doing good: Daily eudaimonic activity and well-being,,,,NA,,,Item,Indicate the extent you have felt this way over the past week: Enthustiastic.,NA,0,multiple choice,factor analysis,ordinal,Over the past week,Indicate to what extent you,1-5.,"very slightly or not at all, a little, moderately, quite a bit, extremely",,,,,
Being good by doing good: Daily eudaimonic activity and well-being,,,,NA,,,Item,Indicate the extent you have felt this way over the past week: Proud.,NA,0,multiple choice,factor analysis,ordinal,Over the past week,Indicate to what extent you,1-5.,"very slightly or not at all, a little, moderately, quite a bit, extremely",,,,,
Being good by doing good: Daily eudaimonic activity and well-being,,,,NA,,,Item,Indicate the extent you have felt this way over the past week: Irritable.,NA,0,multiple choice,factor analysis,ordinal,Over the past week,Indicate to what extent you,1-5.,"very slightly or not at all, a little, moderately, quite a bit, extremely",,,,,
Being good by doing good: Daily eudaimonic activity and well-being,,,,NA,,,Item,Indicate the extent you have felt this way over the past week: Alert.,NA,0,multiple choice,factor analysis,ordinal,Over the past week,Indicate to what extent you,1-5.,"very slightly or not at all, a little, moderately, quite a bit, extremely",,,,,
Being good by doing good: Daily eudaimonic activity and well-being,,,,NA,,,Item,Indicate the extent you have felt this way over the past week: Ashamed.,NA,0,multiple choice,factor analysis,ordinal,Over the past week,Indicate to what extent you,1-5.,"very slightly or not at all, a little, moderately, quite a bit, extremely",,,,,
Being good by doing good: Daily eudaimonic activity and well-being,,,,NA,,,Item,Indicate the extent you have felt this way over the past week: Inspired.,NA,0,multiple choice,factor analysis,ordinal,Over the past week,Indicate to what extent you,1-5.,"very slightly or not at all, a little, moderately, quite a bit, extremely",,,,,
Being good by doing good: Daily eudaimonic activity and well-being,,,,NA,,,Item,Indicate the extent you have felt this way over the past week: Nervous.,NA,0,multiple choice,factor analysis,ordinal,Over the past week,Indicate to what extent you,1-5.,"very slightly or not at all, a little, moderately, quite a bit, extremely",,,,,
Being good by doing good: Daily eudaimonic activity and well-being,,,,NA,,,Item,Indicate the extent you have felt this way over the past week: Determined.,NA,0,multiple choice,factor analysis,ordinal,Over the past week,Indicate to what extent you,1-5.,"very slightly or not at all, a little, moderately, quite a bit, extremely",,,,,
Being good by doing good: Daily eudaimonic activity and well-being,,,,NA,,,Item,Indicate the extent you have felt this way over the past week: Attentive.,NA,0,multiple choice,factor analysis,ordinal,Over the past week,Indicate to what extent you,1-5.,"very slightly or not at all, a little, moderately, quite a bit, extremely",,,,,
Being good by doing good: Daily eudaimonic activity and well-being,,,,NA,,,Item,Indicate the extent you have felt this way over the past week: Jittery.,NA,0,multiple choice,factor analysis,ordinal,Over the past week,Indicate to what extent you,1-5.,"very slightly or not at all, a little, moderately, quite a bit, extremely",,,,,
Being good by doing good: Daily eudaimonic activity and well-being,,,,NA,,,Item,Indicate the extent you have felt this way over the past week: Active.,NA,0,multiple choice,factor analysis,ordinal,Over the past week,Indicate to what extent you,1-5.,"very slightly or not at all, a little, moderately, quite a bit, extremely",,,,,
Being good by doing good: Daily eudaimonic activity and well-being,,,,NA,,,Item,Indicate the extent you have felt this way over the past week: Afraid.,NA,0,multiple choice,factor analysis,ordinal,Over the past week,Indicate to what extent you,1-5.,"very slightly or not at all, a little, moderately, quite a bit, extremely",,,,,
,,,,,,,,,,,,,,,,,,,,,,
Being good by doing good: Daily eudaimonic activity and well-being,frequency of specific eudamonic and hedonic behaviors,NA,0,Daily Behaviors,NA,"Eudaimonic behaviors, Hedonic behaviors, Modified hedonic behaviors",Scale,,,,,,,,,,,online survey,2 questionnaires 22 days apart and daily logs,"Steger, M. F., Kashdan, T. B., & Oishi, S. (2008). Being good by doing good: Daily eudaimonic activity and well-being. Journal of research in personality, 42(1), 22-42. ",,
Being good by doing good: Daily eudaimonic activity and well-being,,,,Eudaimonic Behaviors,Daily Behaviors,NA,,,,,,,,,,,,,,,,
Being good by doing good: Daily eudaimonic activity and well-being,,,,Hedonic Behaviors,Daily Behaviors,NA,,,,,,,,,,,,,,,,
Being good by doing good: Daily eudaimonic activity and well-being,,,,Modified Hedonic Behaviors,Daily Behaviors,NA,,,,,,,,,,,,,,,,
Being good by doing good: Daily eudaimonic activity and well-being,,,,NA,,,Item,How many times did you volunteer your time this week?,NA,0,number select,factor analysis,ordinal,past week,how many times did you __,any number,NA,,,,,
Being good by doing good: Daily eudaimonic activity and well-being,,,,NA,,,Item,How many times did you give money to a person in need this week?,NA,0,number select,factor analysis,ordinal,past week,how many times did you __,any number,NA,,,,,
Being good by doing good: Daily eudaimonic activity and well-being,,,,NA,,,Item,How many times did you write out your goals for the future this week?,NA,0,number select,factor analysis,ordinal,past week,how many times did you __,any number,NA,,,,,
Being good by doing good: Daily eudaimonic activity and well-being,,,,NA,,,Item,How many times did you express your gratitude for something someone did for you either verbally or in writing this week?,NA,0,number select,factor analysis,ordinal,past week,how many times did you __,any number,NA,,,,,
Being good by doing good: Daily eudaimonic activity and well-being,,,,NA,,,Item,How many times did you listen carefully to another's point of view this week?,NA,0,number select,factor analysis,ordinal,past week,how many times did you __,any number,NA,,,,,
Being good by doing good: Daily eudaimonic activity and well-being,,,,NA,,,Item,How many times did you confide in another person about something very important to you this week?,NA,0,number select,factor analysis,ordinal,past week,how many times did you __,any number,NA,,,,,
Being good by doing good: Daily eudaimonic activity and well-being,,,,NA,,,Item,How many times did you perservere at a valued goal even in the face of obstacles this week?,NA,0,number select,factor analysis,ordinal,past week,how many times did you __,any number,NA,,,,,
Being good by doing good: Daily eudaimonic activity and well-being,,,,NA,,,Item,How many times did you have sex purely to get pleasure this week?,NA,0,number select,factor analysis,ordinal,past week,how many times did you __,any number,NA,,,,,
Being good by doing good: Daily eudaimonic activity and well-being,,,,NA,,,Item,How many times did you buy a new piece of jewelry or electronic equipment just for yourself this week?,NA,0,number select,factor analysis,ordinal,past week,how many times did you __,any number,NA,,,,,
Being good by doing good: Daily eudaimonic activity and well-being,,,,NA,,,Item,How many times did you get drunk this week?,NA,0,number select,factor analysis,ordinal,past week,how many times did you __,any number,NA,,,,,
Being good by doing good: Daily eudaimonic activity and well-being,,,,NA,,,Item,How many times did you get high on drugs this week?,NA,0,number select,factor analysis,ordinal,past week,how many times did you __,any number,NA,,,,,
Being good by doing good: Daily eudaimonic activity and well-being,,,,NA,,,Item,How many times did you keep eating more than you intended of something just because it tasted so good this week?,NA,0,number select,factor analysis,ordinal,past week,how many times did you __,any number,NA,,,,,
Being good by doing good: Daily eudaimonic activity and well-being,,,,NA,,,Item,How many times did you masturbate this week?,NA,0,number select,factor analysis,ordinal,past week,how many times did you __,any number,NA,,,,,
Being good by doing good: Daily eudaimonic activity and well-being,,,,NA,,,Item,How many times did you go to a big party this week?,NA,0,number select,factor analysis,ordinal,past week,how many times did you __,any number,NA,,,,,
Being good by doing good: Daily eudaimonic activity and well-being,,,,NA,,,Item,How many times did you go for a long walk this week?,NA,0,number select,factor analysis,ordinal,past week,how many times did you __,any number,NA,,,,,
Being good by doing good: Daily eudaimonic activity and well-being,,,,NA,,,Item,How many times did you watch a movie that was pure entertainment this week?,NA,0,number select,factor analysis,ordinal,past week,how many times did you __,any number,NA,,,,,
Being good by doing good: Daily eudaimonic activity and well-being,,,,NA,,,Item,How many times did you attend a sporting event or concert this week?,NA,0,number select,factor analysis,ordinal,past week,how many times did you __,any number,NA,,,,,
Being good by doing good: Daily eudaimonic activity and well-being,,,,NA,,,Item,How many times did you relax by watching television or playing video games this week?,NA,0,number select,factor analysis,ordinal,past week,how many times did you __,any number,NA,,,,,
Being good by doing good: Daily eudaimonic activity and well-being,,,,NA,,,Item,How many times did you spend time listening to music this week?,NA,0,number select,factor analysis,ordinal,past week,how many times did you __,any number,NA,,,,,
,,,,,,,,,,,,,,,,,,,,,,
Globalization and the Identity Remix Among Urban Adolescents in India,The financial demographics of the research participants and their families.,NA,0,Material Possessions Index,NA,NA,Scale,,,,,,,,,,,survey and focus groups,once,"Rao, M.A., Berry, R., Gonsalves, A., Hastak, Y., Shah, M. and Roeser, R.W. (2013), Globalization and the Identity Remix Among Urban Adolescents in India. J Res Adolesc, 23: 9-24. https://doi.org/10.1111/jora.12002",,
Globalization and the Identity Remix Among Urban Adolescents in India,,,,,,,Item,Do you receive pocket money?,NA,0,multiple choice,regression analysis,nominal,NA,NA,NA,yes/no,,,,,
Globalization and the Identity Remix Among Urban Adolescents in India,,,,,,,Item,Do you have a cell phone?,NA,0,multiple choice,regression analysis,nominal,NA,NA,NA,yes/no,,,,,
Globalization and the Identity Remix Among Urban Adolescents in India,,,,,,,Item,Do you have a motor scooter?,NA,0,multiple choice,regression analysis,nominal,NA,NA,NA,yes/no,,,,,
Globalization and the Identity Remix Among Urban Adolescents in India,,,,,,,Item,Have you shopped at the new megastores?,NA,0,multiple choice,regression analysis,nominal,NA,NA,NA,yes/no,,,,,
,,,,,,,,,,,,,,,,,,,,,,
Globalization and the Identity Remix Among Urban Adolescents in India,The self-construal scale measures how poeple define themselves in relation to others,NA,1,Interdependent and Independent self-construal scale,NA,"Independent Self-Construal, Interdependent Self-Construal",Scale,,,,,,,,,,,survey and focus groups,once,"Singelis, T. M. (1994). The Measurement of Independent and Interdependent Self-Construals. Personality and Social Psychology Bulletin, 20(5), 580-591. https://doi.org/10.1177/0146167294205014 (Original work published 1994)",,
Globalization and the Identity Remix Among Urban Adolescents in India,,,,Independent Self-Construal,Interdependent and Independent self-construal scale,NA,,,,,,,,,,,,,,,,
Globalization and the Identity Remix Among Urban Adolescents in India,,,,Interdependent Self-Construal,Interdependent and Independent self-construal scale,NA,,,,,,,,,,,,,,,,
Globalization and the Identity Remix Among Urban Adolescents in India,,,,NA,,,Item,I have respect for the authority figures with whom I interact.,NA,0,multiple choice,regression analysis,ordinal,NA,NA,1-7.,"1. = strongly disagree, 7 = strongly agree",,,,,
Globalization and the Identity Remix Among Urban Adolescents in India,,,,NA,,,Item,It is important for me to maintain harmony within my group.,NA,0,multiple choice,regression analysis,ordinal,NA,NA,1-7.,"1. = strongly disagree, 7 = strongly agree",,,,,
Globalization and the Identity Remix Among Urban Adolescents in India,,,,NA,,,Item,My happiness depends on the happiness of those around me.,NA,0,multiple choice,regression analysis,ordinal,NA,NA,1-7.,"1. = strongly disagree, 7 = strongly agree",,,,,
Globalization and the Identity Remix Among Urban Adolescents in India,,,,NA,,,Item,I would offer my seat in a bus to my professor.,NA,0,multiple choice,regression analysis,ordinal,NA,NA,1-7.,"1. = strongly disagree, 7 = strongly agree",,,,,
Globalization and the Identity Remix Among Urban Adolescents in India,,,,NA,,,Item,I respect people who are modest about themselves.,NA,0,multiple choice,regression analysis,ordinal,NA,NA,1-7.,"1. = strongly disagree, 7 = strongly agree",,,,,
Globalization and the Identity Remix Among Urban Adolescents in India,,,,NA,,,Item,I will sacrifice my self-interest for the benefit of the group I am in.,NA,0,multiple choice,regression analysis,ordinal,NA,NA,1-7.,"1. = strongly disagree, 7 = strongly agree",,,,,
Globalization and the Identity Remix Among Urban Adolescents in India,,,,NA,,,Item,I often have the feeling that my relationships with others are more important than my own accomplishments.,NA,0,multiple choice,regression analysis,ordinal,NA,NA,1-7.,"1. = strongly disagree, 7 = strongly agree",,,,,
Globalization and the Identity Remix Among Urban Adolescents in India,,,,NA,,,Item,I should take into consideration my parents' advice when making education/career plans.,NA,0,multiple choice,regression analysis,ordinal,NA,NA,1-7.,"1. = strongly disagree, 7 = strongly agree",,,,,
Globalization and the Identity Remix Among Urban Adolescents in India,,,,NA,,,Item,It is important to me to respect decisions made by the group.,NA,0,multiple choice,regression analysis,ordinal,NA,NA,1-7.,"1. = strongly disagree, 7 = strongly agree",,,,,
Globalization and the Identity Remix Among Urban Adolescents in India,,,,NA,,,Item,"I will stay in a group if they need me, even when I'm not happy with the group.",NA,0,multiple choice,regression analysis,ordinal,NA,NA,1-7.,"1. = strongly disagree, 7 = strongly agree",,,,,
Globalization and the Identity Remix Among Urban Adolescents in India,,,,NA,,,Item,"If my brother or sister fails, I feel responsible.",NA,0,multiple choice,regression analysis,ordinal,NA,NA,1-7.,"1. = strongly disagree, 7 = strongly agree",,,,,
Globalization and the Identity Remix Among Urban Adolescents in India,,,,NA,,,Item,"Even when I strongly disagree with group members, I avoid an argument.",NA,0,multiple choice,regression analysis,ordinal,NA,NA,1-7.,"1. = strongly disagree, 7 = strongly agree",,,,,
Globalization and the Identity Remix Among Urban Adolescents in India,,,,NA,,,Item,"I'd rather say ""no"" directly, than risk being misunderstood.",NA,0,multiple choice,regression analysis,ordinal,NA,NA,1-7.,"1. = strongly disagree, 7 = strongly agree",,,,,
Globalization and the Identity Remix Among Urban Adolescents in India,,,,NA,,,Item,Speaking up during a class is not a problem for me.,NA,0,multiple choice,regression analysis,ordinal,NA,NA,1-7.,"1. = strongly disagree, 7 = strongly agree",,,,,
Globalization and the Identity Remix Among Urban Adolescents in India,,,,NA,,,Item,Having a lively imagination is important to me.,NA,0,multiple choice,regression analysis,ordinal,NA,NA,1-7.,"1. = strongly disagree, 7 = strongly agree",,,,,
Globalization and the Identity Remix Among Urban Adolescents in India,,,,NA,,,Item,I am comfortable with being singled out for praise or rewards.,NA,0,multiple choice,regression analysis,ordinal,NA,NA,1-7.,"1. = strongly disagree, 7 = strongly agree",,,,,
Globalization and the Identity Remix Among Urban Adolescents in India,,,,NA,,,Item,I am the same person at home that I am at school.,NA,0,multiple choice,regression analysis,ordinal,NA,NA,1-7.,"1. = strongly disagree, 7 = strongly agree",,,,,
Globalization and the Identity Remix Among Urban Adolescents in India,,,,NA,,,Item,Being able to take care of myself is a primary concern for me.,NA,0,multiple choice,regression analysis,ordinal,NA,NA,1-7.,"1. = strongly disagree, 7 = strongly agree",,,,,
Globalization and the Identity Remix Among Urban Adolescents in India,,,,NA,,,Item,I act the same way no matter who I am with.,NA,0,multiple choice,regression analysis,ordinal,NA,NA,1-7.,"1. = strongly disagree, 7 = strongly agree",,,,,
Globalization and the Identity Remix Among Urban Adolescents in India,,,,NA,,,Item,"I feel comfortable using someone's first name soon after I meet them, even when they are much older than I am.",NA,0,multiple choice,regression analysis,ordinal,NA,NA,1-7.,"1. = strongly disagree, 7 = strongly agree",,,,,
Globalization and the Identity Remix Among Urban Adolescents in India,,,,NA,,,Item,I prefer to be direct and forthright when dealing with people I've just met.,NA,0,multiple choice,regression analysis,ordinal,NA,NA,1-7.,"1. = strongly disagree, 7 = strongly agree",,,,,
Globalization and the Identity Remix Among Urban Adolescents in India,,,,NA,,,Item,I enjoy being unique and different from others in many respects.,NA,0,multiple choice,regression analysis,ordinal,NA,NA,1-7.,"1. = strongly disagree, 7 = strongly agree",,,,,
Globalization and the Identity Remix Among Urban Adolescents in India,,,,NA,,,Item,"My personal identity indepedent of others, is very important to me.",NA,0,multiple choice,regression analysis,ordinal,NA,NA,1-7.,"1. = strongly disagree, 7 = strongly agree",,,,,
Globalization and the Identity Remix Among Urban Adolescents in India,,,,NA,,,Item,I value being in good health above everything.,NA,0,multiple choice,regression analysis,ordinal,NA,NA,1-7.,"1. = strongly disagree, 7 = strongly agree",,,,,
,,,,,,,,,,,,,,,,,,,,,,
Globalization and the Identity Remix Among Urban Adolescents in India,The views chidlren and adolescents have towards money.,NA,1,Attitudes Towards Money,NA,"Frugality. Materialism, Generosity",Scale,,,,,,,,,,,survey and focus groups,once,"Kasser, T. (2005). Frugality, generosity, and materialism in children and adolescents. In What do children need to flourish? Conceptualizing and measuring indicators of positive development (pp. 357-373). Boston, MA: Springer US.",,
Globalization and the Identity Remix Among Urban Adolescents in India,,,,Frugality,Attitudes Towards Money,NA,,,,,,,,,,,,,,,,
Globalization and the Identity Remix Among Urban Adolescents in India,,,,Materialism,Attitudes Towards Money,NA,,,,,,,,,,,,,,,,
Globalization and the Identity Remix Among Urban Adolescents in India,,,,Generosity,Attitudes Towards Money,NA,,,,,,,,,,,,,,,,
Globalization and the Identity Remix Among Urban Adolescents in India,,,,NA,,,Item,I believe in being careful in how I spend my money.,NA,0,multiple choice,regression analysis,ordinal,NA,NA,1-5.,"1. = never or almost never, 5 = always or almost always",,,,,
Globalization and the Identity Remix Among Urban Adolescents in India,,,,NA,,,Item,I control myself to make sure that I get the most from my money.,NA,0,multiple choice,regression analysis,ordinal,NA,NA,1-5.,"1. = never or almost never, 5 = always or almost always",,,,,
Globalization and the Identity Remix Among Urban Adolescents in India,,,,NA,,,Item,I am willing to wait on a purchase I want so that I can save money.,NA,0,multiple choice,regression analysis,ordinal,NA,NA,1-5.,"1. = never or almost never, 5 = always or almost always",,,,,
Globalization and the Identity Remix Among Urban Adolescents in India,,,,NA,,,Item,There are things I resist buying today so I can save for tomorrow.,NA,0,multiple choice,regression analysis,ordinal,NA,NA,1-5.,"1. = never or almost never, 5 = always or almost always",,,,,
Globalization and the Identity Remix Among Urban Adolescents in India,,,,NA,,,Item,I like to own things that impress other people.,NA,0,multiple choice,regression analysis,ordinal,NA,NA,1-5.,"1. = never or almost never, 5 = always or almost always",,,,,
Globalization and the Identity Remix Among Urban Adolescents in India,,,,NA,,,Item,My life would be better if I owned things I don't have right now.,NA,0,multiple choice,regression analysis,ordinal,NA,NA,1-5.,"1. = never or almost never, 5 = always or almost always",,,,,
Globalization and the Identity Remix Among Urban Adolescents in India,,,,NA,,,Item,It is important to make a lot of money when I grow up.,NA,0,multiple choice,regression analysis,ordinal,NA,NA,1-5.,"1. = never or almost never, 5 = always or almost always",,,,,
Globalization and the Identity Remix Among Urban Adolescents in India,,,,NA,,,Item,"When I grow up, I want to have a really nice house filled with all kinds of cool stuff.",NA,0,multiple choice,regression analysis,ordinal,NA,NA,1-5.,"1. = never or almost never, 5 = always or almost always",,,,,
Globalization and the Identity Remix Among Urban Adolescents in India,,,,NA,,,Item,I enjoy sharing my things with other people.,NA,0,multiple choice,regression analysis,ordinal,NA,NA,1-5.,"1. = never or almost never, 5 = always or almost always",,,,,
Globalization and the Identity Remix Among Urban Adolescents in India,,,,NA,,,Item,I enjoy giving things or money to charity.,NA,0,multiple choice,regression analysis,ordinal,NA,NA,1-5.,"1. = never or almost never, 5 = always or almost always",,,,,
Globalization and the Identity Remix Among Urban Adolescents in India,,,,NA,,,Item,"So long as the job I have helps people, it doesn't matter how much it pays.",NA,0,multiple choice,regression analysis,ordinal,NA,NA,1-5.,"1. = never or almost never, 5 = always or almost always",,,,,
Globalization and the Identity Remix Among Urban Adolescents in India,,,,NA,,,Item,It is really important to me that I work to make the world a better place.,NA,0,multiple choice,regression analysis,ordinal,NA,NA,1-5.,"1. = never or almost never, 5 = always or almost always",,,,,
,,,,,,,,,,,,,,,,,,,,,,
Globalization and the Identity Remix Among Urban Adolescents in India,the Chinese Cultural Value scale conceptualizes core cultural values that are widely held in Chinese society,NA,yes but use with caution,Chinese Cultural Value scale,,,,,,,,,,,,,,survey and focus groups,once,"Matthews, Barbara. (2000). The Chinese Value Survey: An interpretation of value scales and consideration of some preliminary results. International Education Journal. 1. ",,
Globalization and the Identity Remix Among Urban Adolescents in India,,,,NA,,,Item,"How important is filial piety (obedience to parents, respect for parents, honouring ancestors, financial support of parents) to me personally?",NA, ,multiple choice,regression analysis,ordinal,NA,How important is this to you personally?,1-9.,,,,,,
Globalization and the Identity Remix Among Urban Adolescents in India,,,,NA,,,Item,How important is Industry (working hard) to me personally?,NA,0,multiple choice,regression analysis,ordinal,NA,How important is this to you personally?,1-9.,,,,,,
Globalization and the Identity Remix Among Urban Adolescents in India,,,,NA,,,Item,How important is tolerance of others to me personally?,NA,0,multiple choice,regression analysis,ordinal,NA,How important is this to you personally?,1-9.,,,,,,
Globalization and the Identity Remix Among Urban Adolescents in India,,,,NA,,,Item,How important is harmony with others to me personally?,NA,0,multiple choice,regression analysis,ordinal,NA,How important is this to you personally?,1-9.,,,,,,
Globalization and the Identity Remix Among Urban Adolescents in India,,,,NA,,,Item,How important is humbleness to me personally?,NA,0,multiple choice,regression analysis,ordinal,NA,How important is this to you personally?,1-9.,,,,,,
Globalization and the Identity Remix Among Urban Adolescents in India,,,,NA,,,Item,How important is loyalty to supervisors to me personally?,NA,0,multiple choice,regression analysis,ordinal,NA,How important is this to you personally?,1-9.,,,,,,
Globalization and the Identity Remix Among Urban Adolescents in India,,,,NA,,,Item,How important is observation of rites and rituals to me personally?,NA,0,multiple choice,regression analysis,ordinal,NA,How important is this to you personally?,1-9.,,,,,,
Globalization and the Identity Remix Among Urban Adolescents in India,,,,NA,,,Item,"How important is reciprocation of greetings and favors, gifts to me personally?",NA,0,multiple choice,regression analysis,ordinal,NA,How important is this to you personally?,1-9.,,,,,,
Globalization and the Identity Remix Among Urban Adolescents in India,,,,NA,,,Item,"How important is kindness (forgiveness, compassion) to me personally?",NA,0,multiple choice,regression analysis,ordinal,NA,How important is this to you personally?,1-9.,,,,,,
Globalization and the Identity Remix Among Urban Adolescents in India,,,,NA,,,Item,How important is knowledge (education) to me personally?,NA,0,multiple choice,regression analysis,ordinal,NA,How important is this to you personally?,1-9.,,,,,,
Globalization and the Identity Remix Among Urban Adolescents in India,,,,NA,,,Item,How important is solidarity with others to me personally?,NA,0,multiple choice,regression analysis,ordinal,NA,How important is this to you personally?,1-9.,,,,,,
Globalization and the Identity Remix Among Urban Adolescents in India,,,,NA,,,Item,"How important is moderation, following the middle way to me personally?",NA,0,multiple choice,regression analysis,ordinal,NA,How important is this to you personally?,1-9.,,,,,,
Globalization and the Identity Remix Among Urban Adolescents in India,,,,NA,,,Item,How important is self-cultivation to me personally?,NA,0,multiple choice,regression analysis,ordinal,NA,How important is this to you personally?,1-9.,,,,,,
Globalization and the Identity Remix Among Urban Adolescents in India,,,,NA,,,Item,How important is ordering relationships by status and observing this order to me personally?,NA,0,multiple choice,regression analysis,ordinal,NA,How important is this to you personally?,1-9.,,,,,,
Globalization and the Identity Remix Among Urban Adolescents in India,,,,NA,,,Item,How important is sense of righteousness to me personally?,NA,0,multiple choice,regression analysis,ordinal,NA,How important is this to you personally?,1-9.,,,,,,
Globalization and the Identity Remix Among Urban Adolescents in India,,,,NA,,,Item,How important is benevolent authority to me personally?,NA,0,multiple choice,regression analysis,ordinal,NA,How important is this to you personally?,1-9.,,,,,,
Globalization and the Identity Remix Among Urban Adolescents in India,,,,NA,,,Item,How important is non-competiveness to me personally?,NA,0,multiple choice,regression analysis,ordinal,NA,How important is this to you personally?,1-9.,,,,,,
Globalization and the Identity Remix Among Urban Adolescents in India,,,,NA,,,Item,How important is personal steadiness and stability to me personally?,NA,0,multiple choice,regression analysis,ordinal,NA,How important is this to you personally?,1-9.,,,,,,
Globalization and the Identity Remix Among Urban Adolescents in India,,,,NA,,,Item,How important is patriotism to me personally?,NA,0,multiple choice,regression analysis,ordinal,NA,How important is this to you personally?,1-9.,,,,,,
Globalization and the Identity Remix Among Urban Adolescents in India,,,,NA,,,Item,How important is sincerity to me personally?,NA,0,multiple choice,regression analysis,ordinal,NA,How important is this to you personally?,1-9.,,,,,,
Globalization and the Identity Remix Among Urban Adolescents in India,,,,NA,,,Item,How important is keeping onself disinterested and pure to me personally?,NA,0,multiple choice,regression analysis,ordinal,NA,How important is this to you personally?,1-9.,,,,,,
Globalization and the Identity Remix Among Urban Adolescents in India,,,,NA,,,Item,How important is thrift to me personally?,NA,0,multiple choice,regression analysis,ordinal,NA,How important is this to you personally?,1-9.,,,,,,
Globalization and the Identity Remix Among Urban Adolescents in India,,,,NA,,,Item,How important is persistence (perserverence) to me personally?,NA,0,multiple choice,regression analysis,ordinal,NA,How important is this to you personally?,1-9.,,,,,,
Globalization and the Identity Remix Among Urban Adolescents in India,,,,NA,,,Item,How important is patience to me personally? How important is repayment of both the good and the evil that another person has caused you to me personally?,NA,0,multiple choice,regression analysis,ordinal,NA,How important is this to you personally?,1-9.,,,,,,
Globalization and the Identity Remix Among Urban Adolescents in India,,,,NA,,,Item,How important is a sense of cultural superiority to me personally?,NA,0,multiple choice,regression analysis,ordinal,NA,How important is this to you personally?,1-9.,,,,,,
Globalization and the Identity Remix Among Urban Adolescents in India,,,,NA,,,Item,How important is adaptability to me personally?,NA,0,multiple choice,regression analysis,ordinal,NA,How important is this to you personally?,1-9.,,,,,,
Globalization and the Identity Remix Among Urban Adolescents in India,,,,NA,,,Item,How important is prudence (carefulness) to me personally?,NA,0,multiple choice,regression analysis,ordinal,NA,How important is this to you personally?,1-9.,,,,,,
Globalization and the Identity Remix Among Urban Adolescents in India,,,,NA,,,Item,How important is trustworthiness to me personally?,NA,0,multiple choice,regression analysis,ordinal,NA,How important is this to you personally?,1-9.,,,,,,
Globalization and the Identity Remix Among Urban Adolescents in India,,,,NA,,,Item,How important is having a sense of shame to me personally?,NA,0,multiple choice,regression analysis,ordinal,NA,How important is this to you personally?,1-9.,,,,,,
Globalization and the Identity Remix Among Urban Adolescents in India,,,,NA,,,Item,How important is courtesy to me personally?,NA,0,multiple choice,regression analysis,ordinal,NA,How important is this to you personally?,1-9.,,,,,,
Globalization and the Identity Remix Among Urban Adolescents in India,,,,NA,,,Item,How important is contentedness with one's position in life to me personally?,NA,0,multiple choice,regression analysis,ordinal,NA,How important is this to you personally?,1-9.,,,,,,
Globalization and the Identity Remix Among Urban Adolescents in India,,,,NA,,,Item,How important is being conservative to me personally?,NA,0,multiple choice,regression analysis,ordinal,NA,How important is this to you personally?,1-9.,,,,,,
Globalization and the Identity Remix Among Urban Adolescents in India,,,,NA,,,Item,"How important is protecting your ""face"" to you personally?",NA,0,multiple choice,regression analysis,ordinal,NA,How important is this to you personally?,1-9.,,,,,,
Globalization and the Identity Remix Among Urban Adolescents in India,,,,NA,,,Item,How important is a close intimate friend to you personally?,NA,0,multiple choice,regression analysis,ordinal,NA,How important is this to you personally?,1-9.,,,,,,
Globalization and the Identity Remix Among Urban Adolescents in India,,,,NA,,,Item,How important is chastity in women to you personally?,NA,0,multiple choice,regression analysis,ordinal,NA,How important is this to you personally?,1-9.,,,,,,
Globalization and the Identity Remix Among Urban Adolescents in India,,,,NA,,,Item,How important is having few desires to you personally?,NA,0,multiple choice,regression analysis,ordinal,NA,How important is this to you personally?,1-9.,,,,,,
Globalization and the Identity Remix Among Urban Adolescents in India,,,,NA,,,Item,How important is respect for tradition to you personally?,NA,0,multiple choice,regression analysis,ordinal,NA,How important is this to you personally?,1-9.,,,,,,
Globalization and the Identity Remix Among Urban Adolescents in India,,,,NA,,,Item,How important is wealth to you personally?,NA,0,multiple choice,regression analysis,ordinal,NA,How important is this to you personally?,1-9.,,,,,,
,,,,,,,,,,,,,,,,,,,,,,
Globalization and the Identity Remix Among Urban Adolescents in India,"""youths' participation in traditional religious and minority-world consumptive cultural practices""",NA,NA,Measurement of religiousness/spirituality,,,Scale,,,,,,,,,,,survey and focus groups,once,"Fetzer Institute & National Institute on Aging Working Group (2003). Measurement of religiousness/spirituality for use in health research. Kalamazoo, MI: Fetzer Institute.",,
Globalization and the Identity Remix Among Urban Adolescents in India,,,,NA,,,Item,How often do you go to a temple for religious services?,0,0,multiple choice,regression analysis,ordinal,NA,How often do you __?,1-10.,"1. = never, 10 = every day",,,,,
Globalization and the Identity Remix Among Urban Adolescents in India,,,,NA,,,Item,How often do you engage in prayer at home?,0,0,multiple choice,regression analysis,ordinal,NA,How often do you __?,1-10.,"1. = never, 10 = every day",,,,,
Globalization and the Identity Remix Among Urban Adolescents in India,,,,NA,,,Item,How often do you engage in solitary prayer or meditation?,0,0,multiple choice,regression analysis,ordinal,NA,How often do you __?,1-10.,"1. = never, 10 = every day",,,,,
Globalization and the Identity Remix Among Urban Adolescents in India,,,,NA,,,Item,How often are you seeking guidance from God or a higher power?,0,0,multiple choice,regression analysis,ordinal,NA,How often do you __?,1-10.,"1. = never, 10 = every day",,,,,
,,,,,,,,,,,,,,,,,,,,,,
Globalization and the Identity Remix Among Urban Adolescents in India,Adolescent's material consumption,NA,0,Engagement in cultural practices,,,scale,,,,,,,,,,,survey and focus groups,once,"Rao, M.A., Berry, R., Gonsalves, A., Hastak, Y., Shah, M. and Roeser, R.W. (2013), Globalization and the Identity Remix Among Urban Adolescents in India. J Res Adolesc, 23: 9-24. https://doi.org/10.1111/jora.12002",,
Globalization and the Identity Remix Among Urban Adolescents in India,,,,NA,,,item,How frequent do you wear branded clothes?,NA,0,multiple choice,regression analysis,ordinal,NA,How often do you __?,1-5.,"1. = never, 5 = every day",,,,,
Globalization and the Identity Remix Among Urban Adolescents in India,,,,NA,,,item,How frequent do eat at fast food restaurants?,NA,0,multiple choice,regression analysis,ordinal,NA,How often do you __?,1-5.,"1. = never, 5 = every day",,,,,
Globalization and the Identity Remix Among Urban Adolescents in India,,,,NA,,,item,How frequent do you visit gaming arcades?,NA,0,multiple choice,regression analysis,ordinal,NA,How often do you __?,1-5.,"1. = never, 5 = every day",,,,,
Globalization and the Identity Remix Among Urban Adolescents in India,,,,NA,,,item,How frequent do you play computer or video games?,NA,0,multiple choice,regression analysis,ordinal,NA,How often do you __?,1-5.,"1. = never, 5 = every day",,,,,
Globalization and the Identity Remix Among Urban Adolescents in India,,,,NA,,,item,How frequent do you hang out at the multiplex (theater or mall)?,NA,0,multiple choice,regression analysis,ordinal,NA,How often do you __?,1-5.,"1. = never, 5 = every day",,,,,
,,,,,,,,,,,,,,,,,,,,,,
Globalization and the Identity Remix Among Urban Adolescents in India,Adolescent's preferences regarding their future marriage,NA,0,Marriage preferences,,,Scale,,,,,,,,,,,survey and focus groups,once,"Rao, M.A., Berry, R., Gonsalves, A., Hastak, Y., Shah, M. and Roeser, R.W. (2013), Globalization and the Identity Remix Among Urban Adolescents in India. J Res Adolesc, 23: 9-24. https://doi.org/10.1111/jora.12002",,
Globalization and the Identity Remix Among Urban Adolescents in India,,,,NA,,,item,"If you think you might get married, do you think you will have an arranged marriaged, a love marriage, or are you not sure yet?",NA,0,multiple choice,regression analysis,ordinal,NA,NA,1-4.,"1 = likely to have an arranged marriage, 2 = likely to have a love marriage, 3 = undecided, 4= nonresponse",,,,,
,,,,,,,,,,,,,,,,,,,,,,
Globalization and the Identity Remix Among Urban Adolescents in India,overall hapiness and well-being in the adolescent's life,NA,NA,Subjective well-being,,,Scale,,,,,,,,,,,survey and focus groups,once,"Roeser, R. W., Lowe, A., Sattler, R., Gehlbach, H., & Strobel, K. R. (2003, April). On identity and motivation to learn among Latino adolescents: Patterns, dynamics, and relation to educational outcomes. Paper presented at the meeting of the American Educational Research Association, Chicago, IL.",,
Globalization and the Identity Remix Among Urban Adolescents in India,,,,NA,,,item,How happy do you feel?,0,0,multiple choice,regression analysis,ordinal,NA,NA,1-5.,"1= not at all, 3 = somewhat, 5 = very much",,,,,
Globalization and the Identity Remix Among Urban Adolescents in India,,,,NA,,,item,How stressed out do you feel?,1,0,multiple choice,regression analysis,ordinal,NA,NA,1-5.,"1= not at all, 3 = somewhat, 5 = very much",,,,,
Globalization and the Identity Remix Among Urban Adolescents in India,,,,NA,,,item,How satisfied do you feel with your life?,0,0,multiple choice,regression analysis,ordinal,NA,NA,1-5.,"1= not at all, 3 = somewhat, 5 = very much",,,,,
,,,,,,,,,,,,,,,,,,,,,,
Development and Validation of the Critical Consciousness Scale,"designed to measure how people understand, interpret, and act upon social inequality",NA,1,Critical Consciousness Scale,,"critical reflection, critical motivation/ political efficacy, critical action",Scale,,,,,,,,,,,survey ,once,"Diemer, M. A., Rapa, L. J., Park, C. J., & Perry, J. C. (2017). Development and Validation of the Critical Consciousness Scale. Youth & Society, 49(4), 461-483. https://doi.org/10.1177/0044118X14538289 (Original work published 2017)",,
Development and Validation of the Critical Consciousness Scale,,,,Critical Reflection,Critical Consciousness Scale,,,,,,,,,,,,,,,,,
Development and Validation of the Critical Consciousness Scale,,,,Critical Motivation/ Political Efficacy,Critical Consciousness Scale,,,,,,,,,,,,,,,,,
Development and Validation of the Critical Consciousness Scale,,,,Critical Action,Critical Consciousness Scale,,,,,,,,,,,,,,,,,
Development and Validation of the Critical Consciousness Scale,,,,NA,,,Item,Certain racial or ethnic groups have fewer chances to get a good high school education.,NA,0,multiple choice,factor analysis,ordinal,NA,NA,1-6.,strong disagree - strongly agree,,,,,
Development and Validation of the Critical Consciousness Scale,,,,NA,,,Item,Poor children have fewer chances to get a good high school education.,NA,0,multiple choice,factor analysis,ordinal,NA,NA,1-6.,strong disagree - strongly agree,,,,,
Development and Validation of the Critical Consciousness Scale,,,,NA,,,Item,Certain racial or ethnic groups have fewer chances to get good jobs.,NA,0,multiple choice,factor analysis,ordinal,NA,NA,1-6.,strong disagree - strongly agree,,,,,
Development and Validation of the Critical Consciousness Scale,,,,NA,,,Item,Women have fewer chances to get good jobs.,NA,0,multiple choice,factor analysis,ordinal,NA,NA,1-6.,strong disagree - strongly agree,,,,,
Development and Validation of the Critical Consciousness Scale,,,,NA,,,Item,Poor people have fewer chances to get good jobs.,NA,0,multiple choice,factor analysis,ordinal,NA,NA,1-6.,strong disagree - strongly agree,,,,,
Development and Validation of the Critical Consciousness Scale,,,,NA,,,Item,Certain racial or ethnic groups have fewer chances to get ahead.,NA,0,multiple choice,factor analysis,ordinal,NA,NA,1-6.,strong disagree - strongly agree,,,,,
Development and Validation of the Critical Consciousness Scale,,,,NA,,,Item,Women have fewer chances to get ahead.,NA,0,multiple choice,factor analysis,ordinal,NA,NA,1-6.,strong disagree - strongly agree,,,,,
Development and Validation of the Critical Consciousness Scale,,,,NA,,,Item,Poor people have fewer chances to get ahead.,NA,0,multiple choice,factor analysis,ordinal,NA,NA,1-6.,strong disagree - strongly agree,,,,,
Development and Validation of the Critical Consciousness Scale,,,,NA,,,Item,Participated in a civil rights group or organization.,NA,0,multiple choice,factor analysis,ordinal,NA,NA,1-5.,never did this - at least once a week,,,,,
Development and Validation of the Critical Consciousness Scale,,,,NA,,,Item,"Participated in a political party, club, or organization.",NA,0,multiple choice,factor analysis,ordinal,NA,NA,1-5.,never did this - at least once a week,,,,,
Development and Validation of the Critical Consciousness Scale,,,,NA,,,Item,"Wrote a letter to a school, community newspapers, or publication about a social or political issue.",NA,0,multiple choice,factor analysis,ordinal,NA,NA,1-5.,never did this - at least once a week,,,,,
Development and Validation of the Critical Consciousness Scale,,,,NA,,,Item,"Contacted a public official by phone, mail, or email to tell him or her how you felt about a social or political issue",NA,0,multiple choice,factor analysis,ordinal,NA,NA,1-5.,never did this - at least once a week,,,,,
Development and Validation of the Critical Consciousness Scale,,,,NA,,,Item,"Joined in a protest march, political demonstration, or political meeting.",NA,0,multiple choice,factor analysis,ordinal,NA,NA,1-5.,never did this - at least once a week,,,,,
Development and Validation of the Critical Consciousness Scale,,,,NA,,,Item,Worked on a political campaign.,NA,0,multiple choice,factor analysis,ordinal,NA,NA,1-5.,never did this - at least once a week,,,,,
Development and Validation of the Critical Consciousness Scale,,,,NA,,,Item,Participated in a discussion about a social or political issue.,NA,0,multiple choice,factor analysis,ordinal,NA,NA,1-5.,never did this - at least once a week,,,,,
Development and Validation of the Critical Consciousness Scale,,,,NA,,,Item,Signed an email or written petition about a social or political issue.,NA,0,multiple choice,factor analysis,ordinal,NA,NA,1-5.,never did this - at least once a week,,,,,
Development and Validation of the Critical Consciousness Scale,,,,NA,,,Item,"You did not buy something because of conditions under which the product is made, or because you dislike the conduct of the company that produces it.",NA,0,multiple choice,factor analysis,ordinal,NA,NA,1-5.,never did this - at least once a week,,,,,
Development and Validation of the Critical Consciousness Scale,,,,NA,,,Item,Bought a certain product or service because you like the social or political values of the company that makes it.,NA,0,multiple choice,factor analysis,ordinal,NA,NA,1-5.,never did this - at least once a week,,,,,
Development and Validation of the Critical Consciousness Scale,,,,NA,,,Item,"Participated in a human rights, gay rights, or women's rights organization or group.",NA,0,multiple choice,factor analysis,ordinal,NA,NA,1-5.,never did this - at least once a week,,,,,
Development and Validation of the Critical Consciousness Scale,,,,NA,,,Item,It is a good thing that certain groups are at the top and other groups are at the bottom.,NA,0,multiple choice,factor analysis,ordinal,NA,NA,1-6.,strong disagree - strongly agree,,,,,
Development and Validation of the Critical Consciousness Scale,,,,NA,,,Item,It would be good if groups could be equal.,NA,0,multiple choice,factor analysis,ordinal,NA,NA,1-6.,strong disagree - strongly agree,,,,,
Development and Validation of the Critical Consciousness Scale,,,,NA,,,Item,Group equality should be our ideal.,NA,0,multiple choice,factor analysis,ordinal,NA,NA,1-6.,strong disagree - strongly agree,,,,,
Development and Validation of the Critical Consciousness Scale,,,,NA,,,Item,All groups should be given an equal chance in life.,NA,0,multiple choice,factor analysis,ordinal,NA,NA,1-6.,strong disagree - strongly agree,,,,,
Development and Validation of the Critical Consciousness Scale,,,,NA,,,Item,We would have fewer problems if we treated people more equally.,NA,0,multiple choice,factor analysis,ordinal,NA,NA,1-6.,strong disagree - strongly agree,,,,,
,,,,,,,,,,,,,,,,,,,,,,
The Role of Future Unpredictability in Human Risk-Taking,"General risk-taking behavior in areas like safety, health, sexual behavior, finances, and social relationships.",NA,0,Risk taking,,,Scale,,,,,,,,,,,survey,once,"Hill, E.M., Ross, L.T. & Low, B.S. The role of future unpredictability in human risk-taking. Hum Nat 8, 287–325 (1997). https://doi.org/10.1007/BF02913037",,
The Role of Future Unpredictability in Human Risk-Taking,,,,NA,,,Item,How often do you borrow money from people and not repay?,NA,0,multuple choice,linear regression,ordinal,NA,How often do you __?,,,,,,,
The Role of Future Unpredictability in Human Risk-Taking,,,,NA,,,Item,How often do you fight or argue with strangers?,NA,0,multuple choice,linear regression,ordinal,NA,How often do you __?,,,,,,,
The Role of Future Unpredictability in Human Risk-Taking,,,,NA,,,Item,How often do you fight or argue with boss or teachers?,NA,0,multuple choice,linear regression,ordinal,NA,How often do you __?,,,,,,,
The Role of Future Unpredictability in Human Risk-Taking,,,,NA,,,Item,How often do you falsely call in sick?,NA,0,multuple choice,linear regression,ordinal,NA,How often do you __?,,,,,,,
The Role of Future Unpredictability in Human Risk-Taking,,,,NA,,,Item,How often do you turn down requests for help.,NA,0,multuple choice,linear regression,ordinal,NA,How often do you __?,,,,,,,
The Role of Future Unpredictability in Human Risk-Taking,,,,NA,,,Item,How often do you fail to keep promises?,NA,0,multuple choice,linear regression,ordinal,NA,How often do you __?,,,,,,,
The Role of Future Unpredictability in Human Risk-Taking,,,,NA,,,Item,How often do you gamble?,NA,0,multuple choice,linear regression,ordinal,NA,How often do you __?,,,,,,,
The Role of Future Unpredictability in Human Risk-Taking,,,,NA,,,Item,How often do you not wear a seat belt?,NA,0,multuple choice,linear regression,ordinal,NA,How often do you __?,,,,,,,
The Role of Future Unpredictability in Human Risk-Taking,,,,NA,,,Item,How often do you ride a motorcycle?,NA,0,multuple choice,linear regression,ordinal,NA,How often do you __?,,,,,,,
The Role of Future Unpredictability in Human Risk-Taking,,,,NA,,,Item,How often do you drive under the influence?,NA,0,multuple choice,linear regression,ordinal,NA,How often do you __?,,,,,,,
The Role of Future Unpredictability in Human Risk-Taking,,,,NA,,,Item,How often do you accept a risky job?,NA,0,multuple choice,linear regression,ordinal,NA,How often do you __?,,,,,,,
The Role of Future Unpredictability in Human Risk-Taking,,,,NA,,,Item,How often do you eat foods that are high in fat?,NA,0,multuple choice,linear regression,ordinal,NA,How often do you __?,,,,,,,
The Role of Future Unpredictability in Human Risk-Taking,,,,NA,,,Item,How often do you fail to exercise?,NA,0,multuple choice,linear regression,ordinal,NA,How often do you __?,,,,,,,
The Role of Future Unpredictability in Human Risk-Taking,,,,NA,,,Item,How often do you not use birth control?,NA,0,multuple choice,linear regression,ordinal,NA,How often do you __?,,,,,,,
The Role of Future Unpredictability in Human Risk-Taking,,,,NA,,,Item,How often do you have unsafe sex?,NA,0,multuple choice,linear regression,ordinal,NA,How often do you __?,,,,,,,
,,,,,,,,,NA,0,multuple choice,linear regression,ordinal,NA,How often do you __?,,,,,,,
The Role of Future Unpredictability in Human Risk-Taking,"Perceived amount of risk in activities in areas of safety, health, sexual behavior, finances, and social relationships",NA,0,Risk-appraisal scale,,,scale,,,,,,,,,,,survey,once,"Hill, E.M., Ross, L.T. & Low, B.S. The role of future unpredictability in human risk-taking. Hum Nat 8, 287–325 (1997). https://doi.org/10.1007/BF02913037",,
The Role of Future Unpredictability in Human Risk-Taking,,,,NA,,,item,How risky do you think it would be to borrow money from people and not repay?,NA,0,multiple choice,linear regression,ordinal,NA,How risky do you think it would be to __,1-4.,"1. = not risky at all, 4 = very risky",,,,,
The Role of Future Unpredictability in Human Risk-Taking,,,,NA,,,item,How risky do you think it would be to fight or argue with strangers?,NA,0,multiple choice,linear regression,ordinal,NA,How risky do you think it would be to __,1-4.,"1. = not risky at all, 4 = very risky",,,,,
The Role of Future Unpredictability in Human Risk-Taking,,,,NA,,,item,How risky do you think it would be to fight or argue with boss or teachers?,NA,0,multiple choice,linear regression,ordinal,NA,How risky do you think it would be to __,1-4.,"1. = not risky at all, 4 = very risky",,,,,
The Role of Future Unpredictability in Human Risk-Taking,,,,NA,,,item,How risky do you think it would be to falsely call in sick?,NA,0,multiple choice,linear regression,ordinal,NA,How risky do you think it would be to __,1-4.,"1. = not risky at all, 4 = very risky",,,,,
The Role of Future Unpredictability in Human Risk-Taking,,,,NA,,,item,How risky do you think it would be to turn down requests for help?,NA,0,multiple choice,linear regression,ordinal,NA,How risky do you think it would be to __,1-4.,"1. = not risky at all, 4 = very risky",,,,,
The Role of Future Unpredictability in Human Risk-Taking,,,,NA,,,item,How risky do you think it would be to fail to keep promises?,NA,0,multiple choice,linear regression,ordinal,NA,How risky do you think it would be to __,1-4.,"1. = not risky at all, 4 = very risky",,,,,
The Role of Future Unpredictability in Human Risk-Taking,,,,NA,,,item,How risky do you think it would be to gamble?,NA,0,multiple choice,linear regression,ordinal,NA,How risky do you think it would be to __,1-4.,"1. = not risky at all, 4 = very risky",,,,,
The Role of Future Unpredictability in Human Risk-Taking,,,,NA,,,item,How risky do you think it would be to not wear a seat belt?,NA,0,multiple choice,linear regression,ordinal,NA,How risky do you think it would be to __,1-4.,"1. = not risky at all, 4 = very risky",,,,,
The Role of Future Unpredictability in Human Risk-Taking,,,,NA,,,item,How risky do you think it would be to ride a motorcycle?,NA,0,multiple choice,linear regression,ordinal,NA,How risky do you think it would be to __,1-4.,"1. = not risky at all, 4 = very risky",,,,,
The Role of Future Unpredictability in Human Risk-Taking,,,,NA,,,item,How risky do you think it would be to drive under the influence?,NA,0,multiple choice,linear regression,ordinal,NA,How risky do you think it would be to __,1-4.,"1. = not risky at all, 4 = very risky",,,,,
The Role of Future Unpredictability in Human Risk-Taking,,,,NA,,,item,How risky do you think it would be to accept a risky job?,NA,0,multiple choice,linear regression,ordinal,NA,How risky do you think it would be to __,1-4.,"1. = not risky at all, 4 = very risky",,,,,
The Role of Future Unpredictability in Human Risk-Taking,,,,NA,,,item,How risky do you think it would be to eat foods that are high in fat?,NA,0,multiple choice,linear regression,ordinal,NA,How risky do you think it would be to __,1-4.,"1. = not risky at all, 4 = very risky",,,,,
The Role of Future Unpredictability in Human Risk-Taking,,,,NA,,,item,How risky do you think it would be to fail to exercise?,NA,0,multiple choice,linear regression,ordinal,NA,How risky do you think it would be to __,1-4.,"1. = not risky at all, 4 = very risky",,,,,
The Role of Future Unpredictability in Human Risk-Taking,,,,NA,,,item,How risky do you think it would be to not use birth control?,NA,0,multiple choice,linear regression,ordinal,NA,How risky do you think it would be to __,1-4.,"1. = not risky at all, 4 = very risky",,,,,
The Role of Future Unpredictability in Human Risk-Taking,,,,NA,,,item,How risky do you think it would be to have unsafe sex?,NA,0,multiple choice,linear regression,ordinal,NA,How risky do you think it would be to __,1-4.,"1. = not risky at all, 4 = very risky",,,,,
